,CONS.EA.TOT.2.PP.M,CONS.EA.TOT.2.P.M,CONS.EA.TOT.2.E.M,CONS.EA.TOT.2.M.M,CONS.EA.TOT.2.MM.M,CONS.EA.TOT.2.N.M,CONS.EA.TOT.4.PP.M,CONS.EA.TOT.4.P.M,CONS.EA.TOT.4.E.M,CONS.EA.TOT.4.M.M,CONS.EA.TOT.4.MM.M,CONS.EA.TOT.4.N.M,CONS.EA.TOT.7.PP.M,CONS.EA.TOT.7.P.M,CONS.EA.TOT.7.E.M,CONS.EA.TOT.7.M.M,CONS.EA.TOT.7.MM.M,CONS.EA.TOT.7.N.M,INDU.EA.TOT.1.P.M,INDU.EA.TOT.1.E.M,INDU.EA.TOT.1.M.M,INDU.EA.TOT.2.P.M,INDU.EA.TOT.2.E.M,INDU.EA.TOT.2.M.M,INDU.EA.TOT.3.P.M,INDU.EA.TOT.3.E.M,INDU.EA.TOT.3.M.M,INDU.EA.TOT.4.P.M,INDU.EA.TOT.4.E.M,INDU.EA.TOT.4.M.M,INDU.EA.TOT.5.P.M,INDU.EA.TOT.5.E.M,INDU.EA.TOT.5.M.M,INDU.EA.TOT.6.P.M,INDU.EA.TOT.6.E.M,INDU.EA.TOT.6.M.M,INDU.EA.TOT.7.P.M,INDU.EA.TOT.7.E.M,INDU.EA.TOT.7.M.M
Jan-85,1.4,11.9,61.8,16.2,3.4,5.3,1.6,21.2,37.4,23.5,9.6,6.8,19.3,37.3,24.9,12.1,0.8,5.6,,,,,,,,,,,,,,,,,,,,,
Feb-85,1.2,12.1,62.6,15.8,3.5,4.8,1.6,18.2,37.8,26.5,9.7,6.2,20.6,38.0,23.2,12.0,0.9,5.3,,,,,,,,,,,,,,,,,,,,,
Mar-85,1.3,11.7,61.4,16.9,3.7,5.0,1.2,16.2,38.2,27.7,10.2,6.6,20.6,36.6,24.9,11.7,0.9,5.4,,,,,,,,,,,,,,,,,,,,,
Apr-85,1.2,12.5,63.3,14.5,3.3,5.2,1.4,16.8,39.6,26.7,8.4,7.1,17.4,36.4,26.5,12.5,1.3,5.9,,,,,,,,,,,,,,,,,,,,,
May-85,1.3,12.6,62.4,15.3,2.9,5.6,1.3,16.8,38.8,26.6,8.6,7.9,17.3,36.7,26.6,12.1,1.3,6.0,,,,,,,,,,,,,,,,,,,,,
Jun-85,1.1,12.0,63.8,14.9,3.0,5.3,1.5,15.6,39.7,26.6,8.8,7.7,17.3,37.2,27.8,11.0,0.8,5.9,,,,,,,,,,,,,,,,,,,,,
Jul-85,1.0,11.4,60.8,17.0,3.3,6.5,1.3,16.3,39.4,24.7,8.7,9.6,17.3,37.9,27.2,10.2,0.9,6.6,,,,,,,,,,,,,,,,,,,,,
Aug-85,1.0,11.6,61.7,16.7,3.3,5.7,1.2,16.3,40.5,24.7,8.6,8.6,17.7,37.9,26.8,10.1,0.8,6.7,,,,,,,,,,,,,,,,,,,,,
Sep-85,1.0,11.1,62.5,16.5,3.4,5.6,1.5,17.7,40.5,24.5,8.5,7.3,17.9,36.2,27.2,10.9,1.0,6.8,,,,,,,,,,,,,,,,,,,,,
Oct-85,1.5,12.7,63.0,14.7,2.6,5.5,1.3,16.5,43.0,23.6,7.9,7.7,16.9,36.6,27.6,11.5,1.0,6.4,,,,,,,,,,,,,,,,,,,,,
Nov-85,1.2,12.6,64.3,13.6,2.9,5.2,1.4,18.4,42.9,22.6,7.6,7.0,16.2,37.4,27.6,12.1,0.8,5.9,,,,,,,,,,,,,,,,,,,,,
Dec-85,1.5,12.5,63.3,14.3,2.7,5.7,1.1,17.1,41.9,24.1,8.1,7.6,16.3,37.2,28.4,11.1,0.9,6.1,,,,,,,,,,,,,,,,,,,,,
Jan-86,1.5,14.7,65.0,11.2,2.3,5.3,1.6,21.5,43.8,19.6,5.3,8.1,13.0,33.9,31.9,13.6,0.6,7.0,,,,,,,,,,,,,,,,,,,,,
Feb-86,1.4,14.5,65.1,12.1,2.1,4.7,1.8,20.9,44.2,19.9,5.3,7.8,13.9,32.8,31.4,14.5,1.0,6.5,,,,,,,,,,,,,,,,,,,,,
Mar-86,1.4,14.6,65.0,11.3,2.4,5.3,2.0,23.3,44.3,17.7,4.7,7.9,11.5,31.7,32.8,15.9,1.0,7.1,,,,,,,,,,,,,,,,,,,,,
Apr-86,1.8,14.0,65.4,11.7,2.0,5.0,1.9,22.9,44.5,18.1,4.9,7.6,10.9,29.0,32.4,20.1,1.0,6.6,,,,,,,,,,,,,,,,,,,,,
May-86,1.5,14.4,65.1,11.0,2.2,5.7,2.2,23.6,42.9,18.1,5.3,7.8,10.7,28.2,31.4,21.3,1.6,6.8,,,,,,,,,,,,,,,,,,,,,
Jun-86,1.6,14.8,62.8,12.5,2.7,5.7,2.0,24.3,41.4,17.9,5.4,9.0,12.8,31.3,28.7,17.8,1.6,7.6,,,,,,,,,,,,,,,,,,,,,
Jul-86,1.6,14.6,63.4,12.4,2.4,5.6,1.6,23.1,44.5,18.3,4.9,7.6,13.1,33.0,29.0,16.4,1.3,7.2,,,,,,,,,,,,,,,,,,,,,
Aug-86,1.7,15.1,62.9,11.8,2.4,6.0,1.8,23.6,43.3,18.2,4.9,8.2,13.5,34.8,28.4,14.7,1.1,7.4,,,,,,,,,,,,,,,,,,,,,
Sep-86,1.2,14.7,64.0,12.2,2.2,5.8,1.3,22.2,44.8,18.5,4.6,8.7,11.6,35.4,29.4,15.3,1.1,7.2,,,,,,,,,,,,,,,,,,,,,
Oct-86,1.6,14.4,64.9,11.3,2.4,5.4,1.4,22.4,44.1,18.5,4.9,8.6,11.6,34.1,30.1,16.3,1.2,6.7,,,,,,,,,,,,,,,,,,,,,
Nov-86,1.7,14.9,63.1,12.3,2.4,5.6,1.4,21.5,43.2,19.9,5.5,8.5,12.0,34.3,29.2,16.7,0.9,6.9,,,,,,,,,,,,,,,,,,,,,
Dec-86,1.3,14.4,64.2,12.3,2.5,5.4,1.3,21.6,43.5,20.2,5.9,7.6,13.4,36.0,29.3,14.2,0.9,6.3,,,,,,,,,,,,,,,,,,,,,
Jan-87,1.4,15.7,63.4,11.6,2.1,5.8,1.5,21.7,42.1,19.8,5.6,9.4,12.7,35.4,30.0,14.1,0.8,7.1,,,,,,,,,,,,,,,,,,,,,
Feb-87,1.9,14.6,64.0,11.8,2.3,5.5,1.3,18.8,44.4,21.5,5.9,8.0,15.2,38.8,26.9,12.4,0.9,5.8,,,,,,,,,,,,,,,,,,,,,
Mar-87,1.5,14.5,64.4,12.1,2.1,5.4,1.0,18.2,43.8,22.5,5.7,8.8,13.4,40.2,27.2,12.4,0.6,6.1,,,,,,,,,,,,,,,,,,,,,
Apr-87,1.4,14.8,64.0,11.5,2.7,5.6,1.2,18.0,44.3,22.6,5.7,8.3,14.7,39.7,26.7,12.1,0.8,6.0,,,,,,,,,,,,,,,,,,,,,
May-87,1.7,13.7,63.9,11.8,2.5,6.3,1.0,16.5,44.1,23.7,5.4,9.3,14.6,39.7,26.8,11.2,0.8,7.0,,,,,,,,,,,,,,,,,,,,,
Jun-87,1.5,13.9,63.9,12.2,2.6,5.9,1.2,16.7,44.1,24.1,5.4,8.5,13.8,37.4,28.4,12.9,0.6,6.8,,,,,,,,,,,,,,,,,,,,,
Jul-87,1.7,14.4,63.8,12.6,2.5,4.9,0.9,16.3,44.4,24.5,5.6,8.2,13.5,41.1,27.6,11.0,0.6,6.3,,,,,,,,,,,,,,,,,,,,,
Aug-87,1.5,14.4,64.2,12.4,2.5,5.0,1.0,16.5,43.9,25.3,5.3,7.9,14.1,42.4,26.4,10.3,0.6,6.1,,,,,,,,,,,,,,,,,,,,,
Sep-87,1.4,15.0,64.4,11.7,2.2,5.4,0.9,17.3,45.4,23.1,4.9,8.4,12.5,39.3,29.0,11.3,0.6,7.3,,,,,,,,,,,,,,,,,,,,,
Oct-87,1.4,13.6,65.4,12.3,2.5,4.9,1.0,15.3,45.0,24.9,5.9,7.8,13.9,40.9,27.9,10.3,0.6,6.5,,,,,,,,,,,,,,,,,,,,,
Nov-87,1.4,13.9,63.6,13.0,2.5,5.6,0.9,14.2,40.4,29.0,6.9,8.6,13.9,41.4,28.0,9.8,0.6,6.2,,,,,,,,,,,,,,,,,,,,,
Dec-87,1.4,14.5,63.5,13.0,2.4,5.2,0.9,14.9,40.3,28.5,6.8,8.7,15.5,41.2,26.5,9.8,0.5,6.4,,,,,,,,,,,,,,,,,,,,,
Jan-88,1.6,15.3,63.1,12.4,2.2,5.3,1.1,15.2,41.2,28.1,5.9,8.5,14.8,42.4,26.3,10.0,0.7,5.8,,,,,,,,,,,,,,,,,,,,,
Feb-88,1.6,14.9,63.7,11.6,2.3,5.8,1.2,14.9,41.6,26.9,5.6,9.7,15.1,43.3,25.2,8.9,0.6,6.8,,,,,,,,,,,,,,,,,,,,,
Mar-88,1.5,14.8,64.2,11.5,2.5,5.6,1.1,15.5,42.7,25.5,5.7,9.6,14.9,42.4,26.5,9.6,0.4,6.1,,,,,,,,,,,,,,,,,,,,,
Apr-88,1.3,15.1,65.5,10.5,2.1,5.5,1.2,16.1,44.8,23.6,4.5,9.7,13.0,42.0,27.3,10.6,0.5,6.8,,,,,,,,,,,,,,,,,,,,,
May-88,1.8,14.5,65.2,10.9,1.8,5.8,1.3,16.7,45.3,23.2,4.4,9.2,12.4,37.4,29.8,12.8,0.6,6.9,,,,,,,,,,,,,,,,,,,,,
Jun-88,1.6,15.0,64.3,11.7,2.0,5.4,1.3,17.8,44.8,22.3,4.2,9.5,12.7,38.3,29.1,12.3,0.5,7.1,,,,,,,,,,,,,,,,,,,,,
Jul-88,1.4,15.2,63.0,12.3,2.3,5.8,1.0,17.7,43.8,24.0,5.0,8.6,13.8,39.1,29.0,10.6,0.6,6.9,,,,,,,,,,,,,,,,,,,,,
Aug-88,1.6,15.3,64.1,11.4,2.1,5.5,1.0,18.5,44.9,22.4,4.7,8.5,14.2,39.0,28.5,11.2,0.5,6.6,,,,,,,,,,,,,,,,,,,,,
Sep-88,1.4,14.5,65.8,11.2,1.8,5.3,1.3,17.5,46.0,22.5,4.3,8.4,11.6,41.1,29.2,10.6,0.5,7.0,,,,,,,,,,,,,,,,,,,,,
Oct-88,1.5,14.7,66.1,10.9,2.0,4.9,1.2,19.2,46.1,20.8,4.5,8.4,10.5,36.6,31.8,13.3,0.7,7.2,,,,,,,,,,,,,,,,,,,,,
Nov-88,1.4,15.5,64.6,11.1,2.0,5.5,1.5,20.1,46.5,20.0,3.9,8.2,9.3,35.0,32.5,15.9,0.6,6.8,,,,,,,,,,,,,,,,,,,,,
Dec-88,1.4,14.8,64.7,11.6,1.9,5.7,1.3,19.2,44.8,21.9,4.2,8.5,10.1,34.7,32.7,14.1,0.5,7.8,,,,,,,,,,,,,,,,,,,,,
Jan-89,1.5,15.3,64.7,11.0,1.9,5.6,1.4,20.8,45.8,19.6,3.9,8.6,8.9,30.5,34.4,16.4,0.6,9.3,,,,,,,,,,,,,,,,,,,,,
Feb-89,1.5,14.7,64.8,11.0,1.6,6.3,1.3,17.3,45.7,21.9,4.5,9.4,10.1,33.9,32.4,13.7,0.7,9.2,,,,,,,,,,,,,,,,,,,,,
Mar-89,1.4,15.1,64.0,11.8,1.9,5.8,1.5,17.0,44.9,23.2,5.0,8.3,9.0,32.0,33.5,16.5,0.7,8.2,,,,,,,,,,,,,,,,,,,,,
Apr-89,1.5,14.2,65.6,11.3,1.8,5.6,1.5,17.7,44.5,21.9,5.4,9.1,9.4,29.2,34.1,18.0,0.9,8.4,,,,,,,,,,,,,,,,,,,,,
May-89,1.6,14.9,65.2,11.0,1.8,5.5,1.4,17.1,44.8,22.2,5.1,9.4,8.2,28.8,34.7,19.5,0.9,8.0,,,,,,,,,,,,,,,,,,,,,
Jun-89,1.8,15.8,64.1,10.4,1.9,6.0,1.5,19.3,45.5,19.7,4.6,9.3,8.7,28.5,35.0,18.6,1.1,8.1,,,,,,,,,,,,,,,,,,,,,
Jul-89,1.6,16.2,65.0,9.5,1.8,5.9,1.6,19.9,46.4,18.8,4.1,9.3,8.3,27.3,33.5,20.5,1.2,9.2,,,,,,,,,,,,,,,,,,,,,
Aug-89,1.7,16.0,64.8,10.2,1.9,5.5,1.4,19.3,47.4,19.0,4.2,8.8,8.4,28.1,33.7,20.2,0.9,8.6,,,,,,,,,,,,,,,,,,,,,
Sep-89,1.6,15.1,66.2,9.5,1.5,6.0,1.3,21.2,45.9,18.3,3.5,9.9,9.1,32.5,31.8,16.7,0.8,9.0,,,,,,,,,,,,,,,,,,,,,
Oct-89,1.5,15.2,65.7,10.0,1.6,5.9,1.5,19.5,44.5,20.6,4.5,9.6,9.5,32.0,31.9,16.7,1.1,8.7,,,,,,,,,,,,,,,,,,,,,
Nov-89,1.7,15.8,64.0,11.0,1.6,5.9,1.7,20.0,43.5,21.0,5.3,8.4,12.6,33.5,30.1,14.2,0.9,8.5,,,,,,,,,,,,,,,,,,,,,
Dec-89,1.7,15.6,63.8,10.3,1.9,6.7,2.0,22.6,41.3,19.5,4.9,9.7,11.8,31.3,31.5,15.1,0.8,9.4,,,,,,,,,,,,,,,,,,,,,
Jan-90,1.7,16.4,65.1,9.8,1.8,5.2,2.3,24.3,41.5,18.4,4.5,9.1,10.9,31.5,32.2,16.3,0.7,8.4,,,,,,,,,,,,,,,,,,,,,
Feb-90,1.6,16.4,64.2,9.8,1.6,6.3,2.2,22.2,41.1,20.8,4.8,9.0,14.5,33.7,28.8,13.8,0.7,8.6,,,,,,,,,,,,,,,,,,,,,
Mar-90,2.0,15.5,63.4,11.3,1.6,6.1,1.7,21.3,39.6,22.5,5.7,9.3,13.8,32.4,29.2,15.0,0.9,8.8,,,,,,,,,,,,,,,,,,,,,
Apr-90,1.9,16.1,65.1,9.5,1.4,5.9,2.9,22.8,38.1,21.4,5.3,9.4,11.0,29.9,32.2,16.9,1.3,8.8,,,,,,,,,,,,,,,,,,,,,
May-90,1.8,16.8,63.3,10.4,1.7,5.9,2.2,23.0,39.5,21.3,4.6,9.4,10.8,32.6,30.7,16.1,1.3,8.5,,,,,,,,,,,,,,,,,,,,,
Jun-90,1.7,15.7,64.7,10.1,1.7,6.1,2.2,22.7,40.9,20.0,4.9,9.3,11.7,29.8,30.8,17.6,1.4,8.7,,,,,,,,,,,,,,,,,,,,,
Jul-90,1.8,15.8,64.9,10.1,1.8,5.6,2.5,23.4,40.3,20.6,4.1,9.1,11.4,32.3,28.9,17.1,1.7,8.6,,,,,,,,,,,,,,,,,,,,,
Aug-90,1.8,15.5,64.4,10.6,1.7,6.0,2.3,21.6,39.8,22.3,4.7,9.4,12.7,32.8,29.5,14.9,1.4,8.8,,,,,,,,,,,,,,,,,,,,,
Sep-90,1.8,13.7,62.6,13.9,2.6,5.5,1.9,14.7,32.5,32.6,10.3,8.0,17.2,36.4,27.0,10.0,0.8,8.6,,,,,,,,,,,,,,,,,,,,,
Oct-90,1.6,13.2,61.8,14.5,2.8,6.1,2.0,14.9,31.5,31.5,11.2,8.8,18.3,35.1,25.7,10.3,1.6,8.9,,,,,,,,,,,,,,,,,,,,,
Nov-90,1.7,13.9,63.7,12.8,2.5,5.3,1.9,14.6,34.1,31.6,9.6,8.2,19.1,39.2,24.1,9.0,1.0,7.6,,,,,,,,,,,,,,,,,,,,,
Dec-90,1.4,14.8,61.5,13.4,2.5,6.4,1.5,16.3,34.5,29.3,9.2,9.0,19.5,40.6,22.5,8.3,0.9,8.2,,,,,,,,,,,,,,,,,,,,,
Jan-91,1.9,12.7,61.4,13.5,3.4,7.1,1.7,12.4,29.8,30.7,14.9,10.6,21.7,37.2,22.0,8.2,1.0,9.8,,,,,,,,,,,,,,,,,,,,,
Feb-91,2.0,12.3,61.2,14.1,3.2,7.3,1.2,11.1,28.8,34.7,15.4,8.9,23.3,38.6,20.9,7.3,1.3,8.4,,,,,,,,,,,,,,,,,,,,,
Mar-91,2.1,13.4,59.9,14.3,3.3,7.0,1.9,16.6,35.7,27.9,8.6,9.3,21.5,37.2,22.2,9.6,1.2,8.4,,,,,,,,,,,,,,,,,,,,,
Apr-91,1.8,14.0,64.2,11.9,2.8,5.4,1.5,16.5,36.5,28.2,9.0,8.3,22.6,38.4,22.0,8.8,1.0,7.2,,,,,,,,,,,,,,,,,,,,,
May-91,2.0,13.7,64.5,11.6,2.6,5.7,1.7,17.6,36.5,26.7,8.7,8.7,22.1,38.0,23.2,7.8,1.0,7.9,,,,,,,,,,,,,,,,,,,,,
Jun-91,1.9,13.3,62.8,13.0,3.3,5.7,1.3,17.0,35.9,27.7,9.5,8.5,20.5,37.2,24.0,9.4,1.2,7.8,,,,,,,,,,,,,,,,,,,,,
Jul-91,1.6,12.1,61.2,15.1,3.8,6.2,1.5,15.3,34.3,28.1,11.7,9.1,23.9,36.1,22.5,8.2,1.1,8.1,,,,,,,,,,,,,,,,,,,,,
Aug-91,1.6,12.9,60.2,15.6,3.6,6.1,1.6,14.6,34.1,29.6,11.6,8.6,24.5,36.8,22.4,8.2,1.0,7.2,,,,,,,,,,,,,,,,,,,,,
Sep-91,2.0,13.3,60.3,15.0,3.5,6.0,1.5,15.5,35.3,28.4,10.2,9.0,22.0,36.1,23.3,11.2,0.8,6.7,,,,,,,,,,,,,,,,,,,,,
Oct-91,1.5,12.3,61.1,15.2,3.7,6.2,1.6,14.3,34.6,28.9,11.9,8.8,21.6,37.2,23.1,9.5,0.9,7.6,,,,,,,,,,,,,,,,,,,,,
Nov-91,1.9,13.2,60.3,14.7,3.9,6.1,1.4,15.6,34.0,29.1,11.7,8.3,22.7,39.5,21.8,8.4,1.1,6.5,,,,,,,,,,,,,,,,,,,,,
Dec-91,1.8,13.0,60.4,14.6,3.7,6.5,1.5,14.5,33.0,29.9,12.6,8.6,24.8,38.6,21.3,7.5,0.9,6.8,,,,,,,,,,,,,,,,,,,,,
Jan-92,1.7,13.3,60.1,14.8,3.6,6.5,1.3,15.0,33.7,29.7,11.8,8.5,23.5,39.1,21.9,8.0,0.9,6.6,,,,,,,,,,,,,,,,,,,,,
Feb-92,1.9,13.2,61.3,14.2,3.2,6.2,1.2,14.7,34.7,29.9,10.9,8.6,25.0,39.9,20.7,7.2,0.6,6.6,,,,,,,,,,,,,,,,,,,,,
Mar-92,1.7,12.1,61.7,14.2,3.7,6.5,1.4,14.0,34.7,30.3,10.7,9.0,24.9,39.4,21.6,6.9,0.6,6.5,,,,,,,,,,,,,,,,,,,,,
Apr-92,1.8,11.9,60.0,15.9,4.0,6.3,1.5,13.8,34.4,29.5,11.8,9.1,22.2,38.1,23.6,7.8,0.8,7.6,,,,,,,,,,,,,,,,,,,,,
May-92,1.7,11.9,60.3,15.9,3.9,6.3,1.1,13.6,33.4,30.2,12.4,9.3,21.9,36.8,24.6,8.6,0.9,7.1,,,,,,,,,,,,,,,,,,,,,
Jun-92,1.6,12.3,61.1,15.3,4.1,5.7,1.1,13.3,34.4,30.9,12.2,8.1,23.5,37.3,23.0,7.6,1.0,7.7,,,,,,,,,,,,,,,,,,,,,
Jul-92,2.0,11.9,60.9,15.7,3.8,5.7,1.2,13.1,33.4,31.3,12.8,8.2,25.7,38.7,21.8,6.4,0.7,6.7,,,,,,,,,,,,,,,,,,,,,
Aug-92,2.0,11.6,59.5,16.6,4.5,5.8,1.2,12.5,32.0,32.4,14.3,7.7,27.1,39.5,20.7,5.7,0.7,6.3,,,,,,,,,,,,,,,,,,,,,
Sep-92,1.7,10.8,58.1,18.7,4.6,6.0,1.2,10.6,29.1,33.5,16.8,8.8,29.3,38.7,19.4,5.3,0.7,6.6,,,,,,,,,,,,,,,,,,,,,
Oct-92,1.5,9.2,56.7,20.2,6.0,6.5,1.0,9.5,27.5,33.6,20.2,8.4,33.9,37.7,17.0,4.6,0.9,5.9,,,,,,,,,,,,,,,,,,,,,
Nov-92,1.5,10.5,55.2,21.4,5.5,5.9,1.5,9.5,26.2,35.3,20.9,6.8,37.0,38.4,15.1,3.7,0.7,5.1,,,,,,,,,,,,,,,,,,,,,
Dec-92,1.7,8.6,57.3,20.4,5.7,6.4,1.0,8.5,24.8,36.1,22.3,7.4,41.3,37.1,13.0,3.2,0.7,4.7,,,,,,,,,,,,,,,,,,,,,
Jan-93,1.2,8.7,57.9,20.2,6.0,6.1,1.1,9.3,25.8,35.6,21.4,7.0,41.6,37.6,12.4,3.3,0.9,4.1,8.6,53.7,37.7,3.4,41.3,55.3,3.9,42.6,53.5,26.9,69.0,4.1,13.2,61.5,25.3,18.7,67.7,13.6,NA,NA,NA
Feb-93,1.6,8.8,57.5,20.2,5.4,6.5,1.0,8.8,25.5,35.4,21.7,7.7,43.9,35.6,12.4,3.2,0.6,4.3,9.2,55.9,34.9,3.7,38.9,57.4,4.5,41.0,54.5,26.3,69.9,3.8,13.8,63.6,22.6,14.9,71.2,13.9,NA,NA,NA
Mar-93,1.6,9.2,56.2,20.7,5.3,7.0,1.3,8.9,24.7,34.0,23.3,7.9,45.7,35.0,11.0,3.1,1.0,4.3,10.8,58.5,30.7,3.6,41.5,54.9,5.3,42.1,52.6,26.7,69.3,4.0,13.7,64.6,21.7,11.8,74.9,13.4,NA,NA,NA
Apr-93,1.3,9.3,59.3,18.1,5.1,6.8,1.0,12.0,29.4,30.9,18.6,8.1,37.0,36.8,16.0,5.0,0.8,4.5,10.5,56.8,32.7,4.0,39.6,56.5,5.3,41.7,53.0,27.8,68.5,3.7,13.5,63.5,23.0,9.7,76.3,14.0,NA,NA,NA
May-93,1.4,9.9,57.2,19.5,5.0,6.9,1.3,13.1,28.4,30.9,18.0,8.3,35.2,38.5,15.9,4.4,0.9,5.1,9.3,57.6,33.2,3.8,39.3,56.9,5.3,40.3,54.3,28.1,67.6,4.3,12.7,64.5,22.7,7.4,78.0,14.6,NA,NA,NA
Jun-93,1.2,8.5,58.9,19.3,5.4,6.7,1.1,11.2,28.1,32.0,20.0,7.7,38.7,37.1,15.0,4.1,0.7,4.4,11.2,59.6,29.2,4.1,39.6,56.2,5.6,40.5,53.9,28.8,67.2,4.0,11.2,65.5,23.3,7.2,78.1,14.7,NA,NA,NA
Jul-93,1.2,8.9,57.2,20.2,5.6,6.9,1.2,12.5,27.0,31.3,20.1,7.9,40.9,36.4,13.2,4.1,0.8,4.7,9.7,58.0,32.3,4.5,39.9,55.6,5.8,41.5,52.7,28.4,67.5,4.1,11.8,63.5,24.7,8.7,77.1,14.2,NA,NA,NA
Aug-93,1.1,8.4,58.3,20.6,5.1,6.3,1.0,12.8,27.8,31.4,19.3,7.6,41.5,36.9,12.7,3.8,0.6,4.5,9.4,57.3,33.3,4.0,40.8,55.3,5.5,41.8,52.7,25.7,69.3,4.9,13.6,65.3,21.1,8.9,76.9,14.2,NA,NA,NA
Sep-93,1.3,8.4,59.5,18.9,5.3,6.6,1.2,13.1,29.2,30.3,19.1,7.1,41.0,36.1,13.6,4.2,0.7,4.6,13.4,60.6,26.0,4.8,41.7,53.5,7.0,42.1,50.9,25.4,69.8,4.9,13.9,65.2,20.9,9.7,76.9,13.4,NA,NA,NA
Oct-93,1.1,8.5,57.6,19.8,5.9,7.0,1.3,12.3,27.4,30.8,21.0,7.3,43.2,35.5,12.5,3.6,0.8,4.3,12.9,59.7,27.4,4.7,42.2,53.1,6.4,43.2,50.3,24.7,70.4,4.9,12.9,65.6,21.5,11.2,75.1,13.7,NA,NA,NA
Nov-93,1.1,8.4,57.4,20.3,6.1,6.6,0.9,11.6,27.3,31.1,22.8,6.3,44.8,35.2,11.8,3.3,0.9,4.0,12.7,62.2,25.1,5.7,42.8,51.5,8.3,42.2,49.6,22.7,71.9,5.4,12.4,67.7,19.9,14.9,69.9,15.2,NA,NA,NA
Dec-93,1.2,8.8,57.9,19.4,5.6,7.2,1.3,13.4,28.5,29.6,20.1,7.1,42.2,35.9,13.0,4.1,0.8,4.0,12.3,60.3,27.3,5.8,44.1,50.1,8.2,42.5,49.3,22.6,71.8,5.6,14.3,69.0,16.7,18.7,67.6,13.7,NA,NA,NA
Jan-94,1.6,9.5,57.3,20.1,5.5,6.1,1.2,15.6,30.5,28.7,17.7,6.2,38.3,37.5,14.7,4.7,0.9,4.0,14.6,59.1,26.2,5.9,46.4,47.7,9.1,45.3,45.7,20.3,74.0,5.7,19.2,67.8,13.0,19.7,68.0,12.2,NA,NA,NA
Feb-94,1.6,10.2,58.0,18.8,5.3,6.1,1.5,16.7,30.9,28.0,16.6,6.3,35.5,37.8,16.5,5.4,0.8,4.0,15.7,63.9,20.4,7.8,48.6,43.6,10.3,47.6,42.1,19.3,74.5,6.2,21.0,68.2,10.8,15.4,73.2,11.5,NA,NA,NA
Mar-94,1.3,9.9,60.1,17.3,4.4,7.0,1.3,17.4,32.4,27.8,13.8,7.4,29.4,39.5,18.9,6.5,1.0,4.8,20.6,62.3,17.1,9.4,50.3,40.3,11.6,48.5,39.9,19.0,75.2,5.8,22.5,67.4,10.1,14.0,75.2,10.8,NA,NA,NA
Apr-94,1.7,11.0,60.9,16.1,4.0,6.3,1.9,21.5,34.0,23.8,10.9,7.8,23.2,36.9,23.6,10.1,1.0,5.3,20.1,62.3,17.6,10.1,52.2,37.7,12.6,49.0,38.4,16.6,76.9,6.5,24.0,66.5,9.6,13.3,77.8,8.9,NA,NA,NA
May-94,1.8,11.8,62.8,13.7,3.7,6.4,2.0,25.2,36.7,20.4,8.0,7.7,19.0,34.6,26.2,13.2,1.0,6.1,21.8,63.6,14.6,11.2,53.5,35.3,12.7,51.3,35.9,17.5,76.1,6.4,22.0,68.2,9.9,13.9,77.2,8.9,NA,NA,NA
Jun-94,1.7,13.4,62.7,13.1,3.2,6.0,2.2,28.0,37.5,18.0,6.8,7.4,15.7,33.6,28.0,16.2,1.0,5.4,23.5,62.2,14.2,12.7,54.1,33.2,13.9,50.9,35.2,16.9,76.7,6.4,20.3,69.0,10.8,14.2,76.9,8.9,NA,NA,NA
Jul-94,1.5,12.5,62.7,13.3,3.2,6.9,2.0,26.0,37.6,19.6,7.0,7.9,16.3,33.8,27.4,15.8,1.0,5.7,21.0,63.2,15.8,13.6,54.7,31.7,14.6,51.9,33.5,14.9,77.2,7.9,21.0,68.8,10.2,17.2,74.8,8.0,NA,NA,NA
Aug-94,1.8,12.6,63.0,12.9,3.4,6.4,2.3,25.8,38.1,19.0,7.4,7.4,16.3,34.4,27.4,15.0,1.2,5.7,20.2,62.1,17.6,13.2,56.3,30.5,13.6,52.6,33.8,14.9,76.7,8.4,24.9,67.1,8.0,17.2,75.8,7.0,NA,NA,NA
Sep-94,1.8,13.2,61.6,13.5,3.2,6.7,2.8,26.6,38.1,18.0,6.1,8.3,12.6,31.4,31.4,16.9,1.5,6.3,24.5,62.8,12.6,15.1,58.0,26.9,15.2,53.1,31.7,13.9,76.7,9.4,23.2,68.6,8.2,19.3,73.4,7.3,NA,NA,NA
Oct-94,1.6,12.4,62.4,13.7,3.4,6.6,2.0,24.6,38.2,19.2,8.3,7.7,14.9,32.9,30.4,15.2,1.0,5.7,23.1,64.5,12.4,15.9,58.2,25.9,15.8,54.5,29.7,13.5,77.0,9.5,22.7,68.5,8.7,23.9,69.3,6.8,NA,NA,NA
Nov-94,1.6,13.6,60.6,14.8,3.2,6.3,2.0,24.3,37.6,19.7,8.9,7.6,15.7,33.0,29.3,14.9,1.2,5.9,24.1,65.1,10.9,16.0,59.1,24.9,15.8,55.6,28.6,13.5,77.1,9.4,21.5,69.4,9.1,31.2,61.9,6.8,NA,NA,NA
Dec-94,1.7,12.5,61.3,14.7,3.6,6.3,1.8,23.1,38.9,19.9,8.4,8.0,15.3,32.1,31.2,14.8,1.0,5.6,21.5,64.5,14.0,16.8,58.9,24.3,17.2,55.1,27.7,13.4,77.0,9.6,26.2,65.1,8.7,36.3,56.8,6.9,NA,NA,NA
Jan-95,1.7,14.0,60.8,15.4,3.3,4.9,2.5,25.8,36.4,20.4,7.0,7.9,13.9,34.6,30.3,15.3,0.9,5.0,23.8,62.1,14.1,16.6,60.0,23.4,17.4,57.0,25.7,12.8,78.1,9.1,28.7,63.8,7.5,35.3,58.3,6.3,NA,NA,NA
Feb-95,1.8,13.1,63.2,14.2,3.0,4.8,1.7,24.6,39.1,20.4,7.1,7.2,13.8,33.5,32.8,14.6,0.8,4.5,23.8,63.7,12.5,18.6,60.1,21.4,18.9,56.4,24.7,12.8,77.7,9.5,27.3,66.6,6.1,31.8,62.6,5.6,NA,NA,NA
Mar-95,1.7,13.2,62.5,14.4,3.1,5.1,1.6,22.8,39.7,20.8,6.7,8.4,12.5,32.3,33.1,15.7,0.8,5.5,26.7,62.0,11.3,18.8,58.8,22.4,19.1,55.1,25.9,13.1,77.6,9.4,25.6,67.3,7.1,28.7,65.4,5.9,NA,NA,NA
Apr-95,1.8,14.1,62.5,13.8,3.0,4.8,2.0,24.2,39.9,19.3,6.1,8.6,12.1,31.1,32.4,17.3,1.2,6.0,22.0,64.4,13.5,18.3,59.5,22.2,18.3,56.3,25.4,13.4,77.4,9.2,22.7,68.9,8.3,24.1,69.9,6.0,NA,NA,NA
May-95,1.7,14.6,62.7,12.7,2.5,5.8,2.2,26.5,39.8,16.9,4.8,9.8,9.7,27.8,34.5,20.4,1.5,6.3,22.3,65.8,11.9,17.6,59.9,22.5,16.8,57.2,26.1,15.4,75.9,8.7,20.4,70.2,9.4,20.5,73.2,6.3,NA,NA,NA
Jun-95,1.7,14.7,63.7,11.8,2.5,5.4,1.8,25.5,40.1,18.5,5.1,9.1,9.2,29.6,34.7,19.7,1.2,5.7,21.6,64.6,13.8,16.3,60.3,23.4,16.6,55.2,28.2,16.4,75.4,8.2,17.6,70.5,11.9,17.8,75.3,6.9,NA,NA,NA
Jul-95,1.8,14.3,62.6,13.2,2.9,5.2,1.3,23.4,42.4,20.3,5.1,7.3,9.9,30.4,33.3,19.5,1.3,5.7,19.9,65.6,14.5,15.1,60.7,24.2,15.2,56.7,28.1,15.8,75.8,8.3,19.1,68.8,12.1,15.9,76.9,7.2,NA,NA,NA
Aug-95,1.9,14.0,63.1,13.0,3.0,5.0,1.8,22.7,40.8,20.6,6.9,7.3,11.2,30.9,32.0,19.3,1.3,5.4,16.8,65.3,17.8,13.6,61.0,25.5,13.0,58.3,28.7,16.8,75.7,7.4,20.5,67.7,11.9,15.3,77.0,7.7,NA,NA,NA
Sep-95,1.5,13.7,62.3,13.9,3.1,5.4,1.1,20.3,39.4,23.0,8.2,8.1,12.1,32.6,32.8,15.9,1.1,5.6,20.0,64.2,15.8,12.1,60.1,27.7,13.2,56.3,30.5,17.8,75.0,7.2,19.8,66.1,14.1,12.9,77.2,9.9,NA,NA,NA
Oct-95,1.7,13.3,60.2,15.7,3.7,5.4,1.1,17.7,37.8,24.9,10.8,7.8,15.4,34.9,30.2,13.1,0.7,5.7,18.5,64.2,17.3,11.3,59.8,29.0,12.6,56.0,31.4,18.9,73.9,7.2,17.8,66.0,16.1,14.2,75.2,10.6,NA,NA,NA
Nov-95,1.6,12.9,59.8,16.2,3.9,5.6,1.0,16.9,36.6,25.7,11.8,8.1,17.3,35.6,28.6,12.2,1.0,5.4,17.0,65.1,17.9,10.4,58.9,30.6,10.9,56.4,32.7,19.1,74.6,6.3,14.2,69.1,16.7,18.4,69.7,11.9,NA,NA,NA
Dec-95,1.5,13.3,58.8,16.9,4.3,5.3,0.9,16.1,34.4,27.2,13.0,8.4,20.0,38.4,24.9,10.7,0.8,5.2,14.0,62.4,23.6,9.3,57.1,33.6,10.8,54.7,34.5,20.0,74.2,5.8,18.1,66.1,15.8,23.2,64.3,12.5,NA,NA,NA
Jan-96,1.6,12.3,60.0,17.2,4.0,4.9,1.0,16.7,34.6,28.7,11.7,7.4,20.7,38.2,24.9,10.5,0.7,5.0,16.1,60.3,23.6,8.4,56.9,34.7,9.1,55.8,35.1,20.0,74.4,5.6,19.5,65.6,14.9,19.8,68.9,11.3,NA,NA,NA
Feb-96,1.5,12.2,61.7,15.9,3.8,5.0,1.1,15.2,34.9,28.5,12.9,7.5,23.2,38.1,23.3,9.6,1.0,4.7,15.4,62.5,22.1,7.7,55.5,36.8,9.3,53.9,36.8,21.6,73.9,4.6,19.6,67.1,13.2,13.8,73.5,12.7,NA,NA,NA
Mar-96,1.4,12.2,62.3,15.5,3.7,4.9,0.8,15.2,35.8,28.9,11.4,7.8,22.0,38.9,23.4,9.4,0.9,5.2,14.8,64.1,21.2,7.3,55.5,37.2,8.7,53.9,37.4,22.7,72.3,5.0,19.6,66.0,14.4,10.6,76.5,12.9,NA,NA,NA
Apr-96,1.4,12.0,62.2,15.5,4.0,4.9,0.8,15.4,35.8,28.4,11.3,8.3,21.1,37.8,24.9,10.3,1.0,4.9,15.3,61.4,23.3,7.2,55.1,37.7,8.7,52.9,38.4,23.0,71.7,5.3,19.3,66.7,14.0,9.1,78.5,12.4,NA,NA,NA
May-96,1.5,12.1,62.6,15.1,3.6,5.1,1.0,18.9,36.0,26.7,10.5,7.0,17.6,35.4,28.2,13.6,0.8,4.4,13.7,64.2,22.2,8.1,54.5,37.4,8.4,53.5,38.1,23.3,71.9,4.8,17.0,66.4,16.5,8.0,79.0,13.0,NA,NA,NA
Jun-96,1.5,12.6,62.5,15.7,3.2,4.6,1.0,19.4,35.9,27.2,9.7,6.7,17.5,36.3,27.3,13.8,0.8,4.3,14.9,63.6,21.5,8.0,54.3,37.8,8.0,52.5,39.5,22.6,72.9,4.5,16.5,65.4,18.2,7.0,79.4,13.6,NA,NA,NA
Jul-96,1.4,11.7,62.5,15.9,3.9,4.5,1.0,17.6,36.7,28.0,10.9,5.9,21.4,38.4,24.4,11.1,0.8,4.0,16.2,61.6,22.3,8.5,55.8,35.7,8.7,54.6,36.8,21.6,73.6,4.8,16.0,66.8,17.1,7.3,80.1,12.5,NA,NA,NA
Aug-96,1.6,12.5,62.6,14.8,3.6,4.9,1.1,16.8,36.3,28.9,10.4,6.5,20.8,39.2,24.5,11.0,0.7,3.8,13.4,62.3,24.3,8.3,54.4,37.3,8.5,53.2,38.3,20.7,73.6,5.7,19.6,65.1,15.3,7.7,80.9,11.4,NA,NA,NA
Sep-96,1.7,12.0,62.3,15.7,3.2,5.1,0.8,16.5,36.3,28.3,11.3,6.8,20.7,39.3,24.3,11.0,0.7,4.0,18.7,62.8,18.5,9.3,54.4,36.4,9.4,54.8,35.8,19.3,74.8,5.9,18.2,66.4,15.4,7.1,79.8,13.1,NA,NA,NA
Oct-96,1.4,11.8,60.6,16.9,4.0,5.4,1.0,15.9,33.6,29.9,13.2,6.6,21.6,39.1,24.3,10.1,0.7,4.2,18.1,61.9,19.9,8.8,56.6,34.6,9.2,56.1,34.7,18.0,75.6,6.4,17.2,65.5,17.3,8.7,78.0,13.3,NA,NA,NA
Nov-96,1.4,10.9,62.7,16.2,3.9,4.9,0.7,14.1,34.4,30.6,14.4,5.8,23.1,41.3,22.4,8.8,0.8,3.6,15.7,63.0,21.3,8.3,55.4,36.3,9.2,55.7,35.1,19.3,74.3,6.4,15.3,66.9,17.7,13.5,71.1,15.4,NA,NA,NA
Dec-96,1.4,10.9,62.2,15.8,4.0,5.7,0.9,15.4,34.3,29.2,13.6,6.6,22.8,39.4,23.4,9.6,0.7,4.1,14.0,61.4,24.6,7.9,55.6,36.5,8.7,55.6,35.7,19.0,75.0,6.0,18.4,66.7,15.0,14.6,69.9,15.5,NA,NA,NA
Jan-97,1.2,12.1,63.5,15.1,3.2,4.8,1.0,18.0,34.6,28.0,12.3,6.1,21.3,39.6,23.5,10.9,0.7,3.8,17.4,60.8,21.8,8.7,58.4,32.9,9.3,56.9,33.8,16.6,77.2,6.2,24.1,64.8,11.2,15.9,71.1,13.0,NA,NA,NA
Feb-97,1.3,10.9,63.5,15.8,3.6,4.5,1.1,16.2,34.2,28.2,13.8,5.8,21.7,38.3,23.6,11.9,0.9,3.6,16.6,64.0,19.4,9.8,57.2,33.1,11.0,56.4,32.6,16.2,77.3,6.5,24.9,64.7,10.4,14.6,73.3,12.1,NA,NA,NA
Mar-97,1.4,11.1,64.5,14.7,3.4,4.5,1.1,15.6,34.0,28.5,13.7,6.1,23.5,37.9,21.5,12.4,0.8,3.9,17.2,65.0,17.8,11.2,57.2,31.5,11.6,56.4,32.0,16.1,77.4,6.5,24.4,65.9,9.6,12.6,75.7,11.7,NA,NA,NA
Apr-97,1.8,12.2,63.5,13.6,3.6,4.8,1.3,16.0,35.4,27.0,13.3,6.2,21.6,36.5,23.8,13.2,0.9,4.0,22.2,63.2,14.6,11.6,59.6,28.8,11.9,58.4,29.7,16.4,77.8,5.8,23.3,67.6,9.1,11.3,78.7,10.0,NA,NA,NA
May-97,1.7,12.2,63.8,13.5,3.2,5.1,1.4,16.9,37.1,24.8,11.2,7.8,17.8,36.2,25.8,14.8,1.0,4.4,19.5,64.4,16.1,12.0,61.0,27.1,13.0,58.8,28.2,16.0,77.5,6.5,21.5,67.9,10.6,9.8,79.5,10.6,NA,NA,NA
Jun-97,1.7,12.8,64.3,12.3,3.3,5.1,1.6,17.9,37.4,23.8,10.4,7.9,16.2,34.8,27.1,15.6,1.2,4.9,22.8,64.0,13.1,13.8,60.3,25.9,15.0,57.6,27.4,15.7,76.8,7.5,19.3,69.4,11.2,8.9,80.2,10.9,NA,NA,NA
Jul-97,1.8,12.2,64.1,13.6,2.7,5.1,1.7,19.3,36.9,23.8,9.7,7.6,17.5,35.9,25.4,15.6,1.0,4.6,23.6,63.1,13.3,15.2,62.2,22.6,16.3,59.1,24.5,14.5,78.1,7.4,20.7,68.6,10.6,10.5,80.4,9.1,8.4,75.0,16.6
Aug-97,1.6,13.3,64.1,12.1,2.7,5.7,1.4,19.4,37.5,24.7,7.4,8.5,15.2,37.2,25.6,16.0,0.8,5.2,17.9,64.1,17.9,14.0,62.2,23.8,14.9,60.8,24.3,14.2,78.0,7.9,25.3,64.9,9.8,10.9,80.0,9.1,NA,NA,NA
Sep-97,1.9,13.6,63.7,12.4,2.8,5.6,1.6,19.8,38.4,23.7,7.9,8.6,16.3,34.5,27.5,15.3,1.1,5.2,23.9,64.4,11.7,16.2,62.9,20.9,17.1,60.0,22.9,13.5,78.1,8.4,24.8,65.5,9.7,10.5,80.3,9.2,NA,NA,NA
Oct-97,1.9,13.5,63.9,12.2,2.8,5.6,1.3,18.1,37.5,25.3,9.0,8.9,16.3,36.2,27.7,13.8,0.8,5.3,24.3,64.3,11.4,15.5,63.6,20.9,16.2,60.4,23.4,12.9,79.2,7.8,20.8,68.6,10.6,12.9,79.0,8.1,8.0,75.1,16.9
Nov-97,2.0,13.7,63.3,13.1,2.7,5.2,1.3,18.7,38.8,25.0,9.1,7.0,17.4,37.4,25.8,13.7,0.9,4.7,20.7,66.2,13.1,16.1,61.8,22.1,17.0,58.6,24.4,14.4,77.9,7.6,18.8,69.4,11.8,16.5,72.3,11.2,NA,NA,NA
Dec-97,1.7,13.4,64.0,13.0,2.6,5.3,1.2,18.1,39.0,25.6,9.8,6.4,18.8,35.9,26.0,13.5,1.0,4.8,19.7,64.4,15.9,15.4,63.4,21.1,17.0,59.9,23.1,12.7,79.5,7.8,22.2,68.1,9.7,20.7,67.7,11.5,NA,NA,NA
Jan-98,1.9,14.8,62.7,13.2,2.6,4.7,1.6,20.2,37.7,25.9,8.2,6.4,17.1,36.6,27.4,13.9,0.9,4.2,22.0,63.5,14.5,15.7,63.9,20.4,16.5,60.3,23.2,11.9,81.2,6.9,27.4,64.9,7.6,18.8,71.4,9.9,10.8,73.8,15.4
Feb-98,1.8,14.6,63.7,12.8,2.7,4.4,1.4,19.6,39.6,25.1,7.8,6.6,16.4,35.1,28.1,15.3,1.0,4.2,21.0,66.7,12.3,16.1,64.5,19.4,16.3,60.8,22.9,12.7,80.7,6.5,27.1,66.5,6.4,14.8,73.7,11.6,NA,NA,NA
Mar-98,2.0,14.2,64.9,11.7,2.6,4.6,1.6,21.2,40.3,22.0,7.3,7.6,15.6,32.8,29.4,16.6,1.1,4.6,24.1,66.0,9.9,18.1,64.2,17.7,18.0,60.7,21.4,13.0,79.6,7.3,27.3,66.0,6.7,12.1,77.5,10.4,NA,NA,NA
Apr-98,2.0,14.1,64.1,11.9,2.8,5.1,1.6,22.1,41.1,21.3,6.9,6.9,13.6,31.5,30.8,18.4,1.2,4.6,23.0,65.5,11.5,16.3,66.0,17.7,15.8,63.2,20.9,13.9,79.1,7.0,25.6,67.4,7.0,9.3,81.5,9.1,12.4,74.5,13.1
May-98,2.4,16.0,63.4,11.0,2.5,4.8,2.2,24.9,40.2,20.1,5.8,6.8,12.4,28.2,30.3,23.2,1.4,4.5,21.2,66.7,12.1,16.3,64.5,19.2,16.2,62.6,21.2,14.0,80.0,6.0,22.4,68.7,8.8,7.7,81.9,10.4,NA,NA,NA
Jun-98,2.3,15.8,64.0,11.0,2.4,4.6,1.8,23.3,42.3,20.5,5.4,6.7,11.5,29.4,31.4,22.1,1.3,4.3,21.9,65.9,12.3,17.5,63.7,18.8,16.0,60.5,23.5,14.0,79.1,7.0,21.1,67.6,11.3,7.5,81.9,10.5,NA,NA,NA
Jul-98,1.9,16.2,64.8,10.7,1.8,4.6,1.7,24.7,44.1,17.7,4.6,7.3,10.2,28.2,31.9,23.7,1.5,4.4,23.5,64.4,12.1,17.3,64.2,18.5,16.3,60.5,23.2,14.9,77.6,7.5,18.8,70.2,11.0,6.7,83.1,10.2,10.4,75.6,14.0
Aug-98,2.1,15.0,65.4,10.8,2.1,4.6,1.5,22.7,44.2,19.1,4.8,7.9,10.9,29.0,33.1,20.9,1.4,4.8,17.2,64.8,17.9,14.9,64.0,21.1,14.7,59.7,25.7,15.0,77.9,7.1,22.8,66.3,10.8,7.0,82.4,10.5,NA,NA,NA
Sep-98,2.1,15.1,66.1,10.0,1.7,5.0,1.3,21.0,44.2,20.7,5.0,7.9,10.6,30.7,32.7,19.7,1.2,5.0,20.0,65.9,14.1,14.1,62.5,23.3,13.1,59.1,27.8,15.4,78.1,6.5,19.2,67.6,13.3,5.8,81.3,12.8,NA,NA,NA
Oct-98,1.9,16.0,65.4,10.1,2.1,4.5,1.3,21.4,41.4,21.4,5.8,8.8,10.4,30.8,32.8,19.1,1.2,5.8,18.7,64.5,16.9,11.6,62.2,26.2,10.7,58.8,30.5,16.4,77.8,5.8,14.3,66.6,19.1,6.8,78.4,14.8,7.3,73.4,19.3
Nov-98,2.1,16.1,64.3,10.6,2.2,4.8,1.3,23.0,41.5,20.5,5.6,8.2,10.7,28.7,32.6,21.7,0.9,5.4,15.8,65.4,18.8,11.3,61.3,27.5,10.3,58.5,31.2,17.0,77.4,5.6,13.8,66.4,19.7,9.6,74.9,15.5,NA,NA,NA
Dec-98,1.9,15.4,64.6,11.3,2.1,4.6,1.2,21.0,42.3,21.7,5.7,8.1,11.2,30.8,32.0,19.5,1.0,5.5,13.5,62.5,23.9,10.5,60.0,29.4,9.0,57.9,33.1,18.6,76.0,5.5,17.1,66.0,16.8,11.3,71.7,17.0,NA,NA,NA
Jan-99,2.0,17.1,64.1,10.1,1.8,4.8,1.2,23.7,43.3,20.0,4.3,7.5,9.5,30.1,34.4,19.9,1.0,5.0,14.2,61.6,24.2,8.7,62.2,29.2,8.5,59.2,32.3,18.3,76.2,5.5,19.8,65.1,15.1,11.1,73.4,15.5,6.9,74.9,18.2
Feb-99,1.9,16.8,64.8,10.3,1.8,4.4,1.1,21.1,46.0,20.0,4.7,7.3,9.6,30.3,33.4,20.5,1.1,5.1,14.3,63.1,22.6,9.7,59.2,31.1,8.4,56.2,35.4,18.3,76.9,4.8,20.7,66.3,13.0,9.7,74.9,15.5,NA,NA,NA
Mar-99,1.8,16.0,64.5,11.0,2.0,4.6,1.4,19.8,43.8,21.1,5.8,8.1,11.2,29.8,33.0,20.0,1.0,5.0,17.4,63.4,19.2,9.7,59.9,30.4,7.8,57.0,35.2,18.0,77.0,5.0,19.7,68.0,12.3,7.3,77.9,14.8,NA,NA,NA
Apr-99,2.1,15.9,63.9,11.5,2.1,4.5,0.9,17.0,42.8,25.5,6.4,7.4,12.3,33.4,31.4,17.3,0.7,4.8,14.9,64.0,21.1,9.0,61.2,29.8,8.2,57.9,33.8,18.0,77.8,4.2,20.3,67.1,12.6,7.7,79.7,12.6,7.4,72.9,19.7
May-99,2.0,15.5,64.8,10.8,1.9,5.0,0.7,17.2,44.3,23.8,5.9,8.0,11.2,29.6,32.7,20.1,1.2,5.1,15.1,65.4,19.5,9.7,60.3,30.1,8.5,57.4,34.2,18.2,77.4,4.4,18.8,68.1,13.1,7.0,80.9,12.1,NA,NA,NA
Jun-99,1.9,15.6,64.6,10.3,2.2,5.3,1.1,18.2,45.0,21.2,5.7,8.7,10.8,29.4,34.0,18.8,1.0,6.0,18.8,64.9,16.3,10.6,61.0,28.3,9.9,58.0,32.1,17.6,76.8,5.7,17.7,68.7,13.6,7.8,80.3,11.9,NA,NA,NA
Jul-99,2.3,15.6,64.8,10.1,2.5,4.8,1.6,21.2,44.3,19.6,5.2,8.2,10.5,26.5,33.6,22.9,1.3,5.2,19.6,62.5,17.9,12.3,62.4,25.3,11.3,59.1,29.5,16.4,77.7,5.8,19.3,66.5,14.2,9.3,81.0,9.7,9.2,72.4,18.5
Aug-99,2.1,16.4,64.6,10.1,2.1,4.6,1.2,20.2,45.9,20.2,5.0,7.6,9.2,29.5,33.8,21.1,1.2,5.1,16.2,64.7,19.1,11.5,63.0,25.5,10.8,60.0,29.2,15.4,78.3,6.2,23.1,66.0,10.9,9.8,81.1,9.1,NA,NA,NA
Sep-99,2.3,15.9,64.5,10.1,2.3,4.9,1.7,20.4,43.7,20.0,5.7,8.6,9.9,27.8,33.7,21.4,1.6,5.7,21.5,65.1,13.5,13.7,63.3,23.0,12.8,59.6,27.5,15.1,78.2,6.7,22.5,66.3,11.1,11.0,80.0,9.0,NA,NA,NA
Oct-99,2.2,16.8,63.9,10.1,1.9,5.1,1.8,21.4,44.5,19.5,5.1,7.6,9.7,27.8,34.2,21.1,1.6,5.6,21.7,64.6,13.7,14.2,64.0,21.7,12.9,60.7,26.4,14.8,78.4,6.9,21.1,66.1,12.8,13.6,76.8,9.6,8.9,72.0,19.2
Nov-99,2.0,16.4,64.6,10.5,1.8,4.8,1.5,21.8,45.2,19.2,4.8,7.5,9.0,27.1,34.7,22.4,1.3,5.5,22.5,64.7,12.8,14.9,63.7,21.4,14.3,59.6,26.1,13.6,79.2,7.2,19.3,67.3,13.4,17.2,72.1,10.7,NA,NA,NA
Dec-99,2.1,16.5,64.7,10.1,1.9,4.8,1.5,22.6,43.2,19.9,5.0,7.9,9.6,28.2,33.8,21.8,1.2,5.4,19.7,62.9,17.5,15.4,64.5,20.1,14.2,60.8,25.0,14.3,76.9,8.8,21.2,67.1,11.6,20.5,68.7,10.8,NA,NA,NA
Jan-00,2.4,17.5,64.0,9.8,1.9,4.3,2.1,25.9,43.7,17.0,4.4,6.9,8.1,24.1,34.3,26.2,1.8,5.4,20.3,63.8,15.9,14.5,65.3,20.2,14.0,61.3,24.7,12.9,80.0,7.2,26.6,65.9,7.5,22.1,69.0,9.0,11.4,75.9,12.7
Feb-00,2.3,16.8,64.8,9.5,2.0,4.6,1.8,23.1,44.0,17.7,5.0,8.2,9.0,24.5,35.1,23.9,1.7,5.8,23.0,64.7,12.3,16.8,65.1,18.1,15.5,61.4,23.1,11.9,80.7,7.4,28.1,66.2,5.7,19.2,72.5,8.3,NA,NA,NA
Mar-00,2.4,16.3,66.1,9.0,1.7,4.5,2.0,23.7,44.7,17.6,4.7,7.3,7.9,23.7,36.0,25.4,1.5,5.4,27.3,63.1,9.6,19.2,65.2,15.6,16.8,62.2,21.0,11.2,80.9,7.9,27.5,66.8,5.6,18.6,74.4,6.9,NA,NA,NA
Apr-00,2.2,15.7,66.7,9.1,1.7,4.6,1.8,24.5,46.0,16.1,3.7,7.9,7.0,22.4,35.1,27.8,2.0,5.6,23.6,62.4,14.0,18.4,65.1,16.5,16.2,63.2,20.6,10.7,81.3,8.1,28.2,64.8,7.0,18.2,76.4,5.4,14.1,74.5,11.3
May-00,2.5,16.4,65.9,8.8,1.6,4.8,2.1,25.2,46.1,14.4,3.5,8.6,6.5,20.5,33.7,30.7,2.7,5.8,28.2,61.9,9.9,21.1,63.4,15.4,18.8,60.9,20.3,12.0,79.6,8.4,26.5,66.6,6.9,18.5,76.5,5.1,NA,NA,NA
Jun-00,2.2,17.3,63.1,10.1,1.9,5.4,2.4,25.1,44.3,16.3,3.9,8.0,6.0,21.1,35.4,29.0,2.6,5.9,25.3,64.0,10.6,22.8,61.9,15.3,19.9,59.8,20.3,11.9,80.4,7.7,23.3,68.6,8.2,17.7,76.5,5.8,NA,NA,NA
Jul-00,2.3,17.9,63.3,9.9,1.8,4.7,2.5,26.8,43.8,15.2,3.7,8.0,7.0,19.2,34.7,31.0,2.4,5.8,25.3,63.9,10.7,20.3,65.5,14.2,18.8,62.4,18.9,11.9,79.8,8.3,23.5,68.0,8.4,17.1,77.4,5.4,15.1,73.7,11.2
Aug-00,2.4,17.1,64.8,8.5,1.9,5.3,2.5,26.2,44.2,14.6,3.7,8.8,6.5,20.0,35.5,29.7,2.3,6.1,20.4,65.0,14.7,18.9,65.1,16.0,17.4,62.9,19.7,11.9,79.1,9.0,27.6,65.3,7.1,17.1,77.4,5.4,NA,NA,NA
Sep-00,2.3,15.5,63.1,11.5,2.2,5.3,2.1,21.8,42.0,20.8,5.5,7.8,6.5,21.9,37.8,25.9,2.1,5.8,23.4,66.2,10.3,20.3,64.9,14.8,18.7,62.1,19.1,11.8,79.9,8.3,24.8,67.8,7.4,18.8,76.3,4.9,NA,NA,NA
Oct-00,2.3,16.4,63.4,10.8,2.2,4.8,1.9,21.1,43.6,20.7,5.1,7.6,6.2,21.7,38.1,25.8,1.9,6.2,23.8,65.1,11.1,18.0,67.1,14.9,16.8,64.2,19.0,12.6,79.2,8.3,22.0,68.6,9.4,19.9,73.9,6.2,14.2,73.9,12.0
Nov-00,2.1,16.3,64.1,10.7,2.2,4.7,1.4,20.8,45.2,20.0,5.1,7.5,8.0,17.7,38.9,25.0,3.9,6.5,21.7,67.2,11.0,18.4,65.9,15.7,16.6,63.8,19.7,13.4,78.4,8.2,19.3,69.5,11.1,22.6,69.8,7.7,NA,NA,NA
Dec-00,2.2,16.8,63.6,11.1,2.1,4.3,1.6,21.0,46.4,18.8,4.5,7.7,6.3,20.7,37.9,26.6,1.9,6.5,18.3,65.6,16.0,16.7,66.4,16.8,15.1,64.0,20.9,13.4,78.7,8.0,21.8,66.7,11.4,25.5,65.7,8.8,NA,NA,NA
Jan-01,2.5,17.2,63.8,10.4,1.7,4.4,1.7,23.2,46.0,17.8,4.3,7.0,5.2,19.5,39.3,27.7,2.0,6.2,20.8,63.3,15.9,15.3,66.7,18.0,13.7,65.6,20.7,13.8,79.6,6.7,25.5,66.4,8.1,24.0,68.4,7.6,14.2,74.0,11.9
Feb-01,2.0,16.4,65.8,9.5,1.8,4.4,1.4,19.6,46.8,20.1,4.7,7.5,6.3,23.4,38.7,23.9,1.4,6.3,18.7,66.2,15.1,15.6,66.2,18.2,14.5,63.9,21.6,15.0,78.7,6.3,24.3,67.6,8.1,17.9,74.4,7.8,NA,NA,NA
Mar-01,2.4,16.7,64.4,9.9,2.0,4.6,1.5,19.0,45.5,20.5,4.8,8.6,6.1,21.1,39.9,24.4,1.5,7.1,20.6,66.5,12.9,15.3,65.0,19.7,13.5,63.5,23.1,16.2,78.2,5.6,22.3,68.4,9.3,13.5,79.4,7.1,NA,NA,NA
Apr-01,2.7,16.0,65.1,10.0,1.9,4.3,1.2,18.4,46.1,21.0,5.0,8.2,7.4,22.7,38.4,23.3,1.5,6.7,16.7,65.8,17.5,12.4,65.7,21.9,11.7,63.0,25.3,17.0,78.1,5.0,20.6,67.8,11.6,10.1,82.7,7.1,11.3,74.9,13.9
May-01,2.2,16.6,63.8,10.7,2.0,4.7,1.5,19.6,44.5,21.7,4.6,8.1,7.9,25.0,37.3,22.0,1.5,6.2,18.4,65.8,15.8,13.7,64.2,22.1,13.0,61.6,25.4,18.6,76.3,5.2,20.3,66.2,13.5,9.7,82.7,7.6,NA,NA,NA
Jun-01,2.0,15.8,64.7,10.7,2.3,4.5,1.8,18.0,44.3,24.1,5.1,6.8,7.1,25.3,38.7,22.0,1.1,5.8,16.7,65.0,18.3,12.6,64.5,23.0,11.6,61.9,26.5,18.8,75.4,5.8,17.3,65.9,16.8,9.7,81.5,8.8,NA,NA,NA
Jul-01,2.3,15.9,63.7,10.7,2.4,4.9,1.6,18.0,43.2,24.7,5.8,6.9,9.3,27.9,37.6,18.0,1.2,5.9,17.9,62.7,19.4,11.6,64.6,23.8,9.9,62.9,27.2,18.4,76.1,5.5,17.4,66.5,16.1,9.3,82.1,8.6,8.6,74.2,17.2
Aug-01,2.0,14.6,64.3,11.9,2.2,5.1,1.3,16.3,41.2,27.3,6.3,7.6,11.1,31.6,35.5,14.7,1.0,6.1,13.9,63.8,22.4,9.5,63.2,27.3,9.0,61.7,29.2,17.9,76.6,5.5,20.2,64.1,15.6,8.4,82.7,8.9,NA,NA,NA
Sep-01,2.2,14.6,63.4,12.9,2.1,4.8,1.1,15.0,40.3,29.2,7.0,7.4,12.2,34.7,33.9,12.7,1.0,5.6,14.0,64.3,21.7,8.4,62.4,29.2,7.9,60.4,31.8,18.5,76.7,4.8,15.7,63.8,20.4,7.2,82.7,10.1,NA,NA,NA
Oct-01,2.2,15.0,64.7,11.9,2.0,4.3,1.1,12.4,36.7,34.9,8.3,6.7,15.4,38.1,30.6,9.7,0.8,5.4,15.4,60.3,24.3,8.0,59.4,32.6,7.3,59.1,33.6,19.7,76.0,4.3,13.2,61.1,25.7,8.9,79.3,11.8,5.8,69.1,25.1
Nov-01,2.0,13.3,65.1,12.8,2.1,4.6,0.9,12.0,37.0,34.6,8.3,7.2,17.3,40.7,27.9,8.4,0.7,5.1,13.9,60.5,25.6,7.2,59.2,33.7,7.0,56.9,36.1,19.9,75.2,4.8,11.8,61.4,26.7,10.5,74.7,14.8,NA,NA,NA
Dec-01,2.0,13.3,65.3,12.4,2.1,4.9,1.1,15.1,37.9,31.7,7.0,7.2,14.9,40.5,28.8,9.8,0.7,5.3,12.6,57.3,30.1,7.9,57.3,34.7,6.9,57.6,35.5,17.9,77.1,5.0,15.8,63.6,20.6,13.7,71.8,14.5,NA,NA,NA
Jan-02,2.1,13.9,65.3,12.5,1.9,4.3,1.6,18.5,39.2,28.5,5.6,6.7,13.4,37.6,30.7,11.8,0.8,5.6,12.1,57.1,30.9,6.3,60.1,33.6,6.3,58.5,35.2,18.9,76.1,5.0,19.7,63.4,16.9,13.5,74.1,12.4,5.5,71.5,23.0
Feb-02,1.9,13.7,66.8,11.4,2.0,4.2,1.1,18.6,42.6,25.6,5.4,6.7,12.8,37.8,31.1,12.1,0.7,5.5,14.3,58.6,27.1,9.4,59.5,31.1,7.4,60.1,32.5,16.2,79.3,4.4,21.1,65.6,13.3,10.8,78.1,11.1,NA,NA,NA
Mar-02,1.9,13.2,66.9,11.7,2.2,4.2,1.1,19.1,43.1,24.1,5.2,7.4,11.5,35.6,34.0,12.7,0.8,5.5,14.4,62.8,22.8,9.0,59.9,31.1,8.5,58.9,32.6,17.0,78.6,4.3,26.0,62.5,11.5,11.5,78.7,9.9,NA,NA,NA
Apr-02,1.5,13.0,67.1,12.4,2.3,3.7,1.0,16.4,45.3,25.0,5.6,6.6,10.3,33.6,35.4,13.6,0.9,6.3,15.8,63.1,21.2,8.5,60.8,30.7,8.3,60.3,31.3,16.8,78.6,4.7,23.6,66.2,10.2,11.3,80.7,8.1,8.3,72.2,19.5
May-02,1.7,13.1,67.0,12.2,2.0,4.1,1.0,19.1,45.8,21.5,4.4,8.1,8.5,32.0,37.8,14.5,0.9,6.2,18.3,63.4,18.3,10.2,61.4,28.5,10.1,60.5,29.4,15.8,79.2,5.0,23.7,65.4,10.9,11.5,80.0,8.5,7.0,74.4,18.6
Jun-02,2.1,12.4,67.3,12.2,2.3,3.8,1.2,18.8,44.2,23.6,4.9,7.4,9.6,31.2,37.8,14.9,0.5,6.0,16.8,63.2,20.0,10.5,59.3,30.2,9.3,60.8,29.9,16.4,78.7,4.9,19.5,68.7,11.8,10.2,81.7,8.1,7.5,76.5,15.9
Jul-02,1.8,13.4,66.5,12.4,2.1,3.8,1.2,18.6,43.9,24.5,5.4,6.4,11.5,34.3,34.7,13.4,0.8,5.4,18.7,63.5,17.9,10.1,59.7,30.2,9.2,61.0,29.8,15.5,79.6,4.9,18.1,67.7,14.2,9.7,82.4,7.8,7.6,75.3,17.0
Aug-02,1.9,13.5,65.2,12.7,2.6,4.0,1.4,17.1,41.8,25.9,7.2,6.6,13.0,37.5,31.3,11.7,0.7,5.7,14.0,64.0,22.1,8.2,58.8,33.0,7.2,60.5,32.3,14.6,80.2,5.3,20.1,67.7,12.2,8.6,83.1,8.3,6.6,76.7,16.7
Sep-02,1.8,12.6,65.9,13.5,2.4,4.0,1.1,16.0,42.2,26.6,6.9,7.2,12.4,35.8,33.8,11.8,0.6,5.5,13.6,66.3,20.1,9.0,60.1,30.9,8.9,60.5,30.6,15.7,79.5,4.9,21.5,65.9,12.6,7.9,83.5,8.6,6.5,76.1,17.5
Oct-02,1.4,12.1,66.0,13.8,2.7,4.1,0.9,13.6,42.5,28.3,8.2,6.6,16.7,36.7,31.1,10.0,0.7,4.9,14.9,66.3,18.8,8.2,60.8,31.0,8.9,60.1,31.0,15.9,79.1,5.0,17.8,65.4,16.7,9.2,82.1,8.7,5.4,73.9,20.8
Nov-02,1.2,11.6,64.5,15.2,3.4,4.2,0.8,12.5,40.9,30.1,9.4,6.3,17.5,38.7,30.0,8.4,0.6,4.8,16.1,65.1,18.8,9.4,60.3,30.3,8.5,60.1,31.4,15.4,80.0,4.6,14.3,67.1,18.7,10.4,77.9,11.7,5.1,74.6,20.3
Dec-02,1.6,11.0,63.4,16.5,3.4,4.2,0.9,11.6,38.1,32.7,10.6,6.1,19.7,41.1,26.8,7.1,0.6,4.6,14.7,64.6,20.8,9.8,58.7,31.5,8.9,59.9,31.2,16.1,78.8,5.1,15.5,66.0,18.5,13.8,74.0,12.3,5.2,73.2,21.6
Jan-03,1.8,11.5,63.3,16.2,3.3,3.9,1.1,12.3,38.5,31.2,10.4,6.6,19.2,39.4,27.8,7.8,0.6,5.1,14.2,63.5,22.4,7.1,62.2,30.7,6.8,62.5,30.7,14.3,80.7,5.0,19.2,66.6,14.2,16.0,74.1,9.9,7.3,72.8,19.9
Feb-03,1.6,10.8,63.7,16.4,3.4,4.1,1.1,11.5,35.7,33.2,12.2,6.4,23.0,39.0,25.6,7.1,0.6,4.6,14.3,65.9,19.9,8.7,61.7,29.6,8.5,61.9,29.6,14.5,81.1,4.4,21.2,67.1,11.7,14.3,74.9,10.8,7.5,73.2,19.3
Mar-03,1.6,10.6,63.2,17.1,3.7,3.8,0.9,10.1,33.1,35.8,13.2,7.0,25.7,36.8,24.9,7.3,0.6,4.7,12.8,67.6,19.6,8.4,59.3,32.3,8.0,59.2,32.8,15.6,79.1,5.3,20.8,65.4,13.8,13.9,76.0,10.1,6.9,73.4,19.7
Apr-03,1.4,10.5,64.9,15.8,3.1,4.4,0.8,11.8,35.7,33.5,11.1,7.1,22.6,37.5,26.5,7.8,0.4,5.2,15.2,65.0,19.8,7.9,58.6,33.5,6.9,58.5,34.6,15.4,79.3,5.3,19.8,67.1,13.1,10.8,79.5,9.7,7.2,74.1,18.8
May-03,1.4,11.2,65.6,14.6,2.6,4.6,0.7,12.9,37.6,31.1,10.6,7.2,21.5,39.7,25.2,8.7,0.3,4.5,14.0,65.1,20.8,7.4,59.3,33.4,6.8,58.3,34.9,16.1,78.8,5.1,18.5,66.9,14.6,7.1,81.7,11.2,7.2,73.1,19.6
Jun-03,1.7,11.2,64.4,15.0,3.2,4.5,0.7,13.3,38.3,30.3,10.3,7.1,20.1,38.1,26.9,9.1,0.5,5.3,14.5,64.2,21.2,7.6,57.9,34.5,6.4,57.3,36.4,16.5,78.0,5.5,15.9,67.5,16.6,5.4,81.4,13.2,6.7,72.5,20.8
Jul-03,1.5,10.9,65.3,15.2,2.8,4.3,1.1,13.6,39.1,30.0,9.5,6.8,20.4,37.4,27.5,8.9,0.5,5.3,15.1,63.2,21.7,8.0,58.4,33.5,6.5,58.4,35.1,16.2,79.2,4.6,15.2,67.0,17.7,5.6,82.4,12.1,6.5,72.4,21.2
Aug-03,1.6,11.5,64.4,15.1,3.3,4.0,0.8,14.0,39.3,29.0,10.1,6.9,19.6,37.8,28.2,9.0,0.4,5.0,14.2,64.6,21.2,8.3,57.8,33.8,6.0,59.7,34.2,15.2,79.0,5.8,20.1,67.0,12.9,6.2,84.2,9.6,6.5,73.3,20.2
Sep-03,1.5,11.4,64.0,15.3,3.4,4.3,0.9,14.7,37.3,29.7,10.4,7.0,19.6,39.3,26.7,8.9,0.5,5.0,12.4,66.0,21.6,8.0,59.0,33.0,6.7,59.7,33.5,15.8,78.4,5.7,22.3,65.4,12.2,6.8,83.2,10.0,6.1,72.1,21.8
Oct-03,1.3,11.0,64.5,15.5,3.3,4.3,0.8,13.8,36.4,30.5,11.4,7.2,21.5,37.9,26.3,8.7,0.4,5.1,17.3,64.7,18.0,8.6,59.7,31.7,7.3,60.1,32.6,14.9,80.0,5.1,18.9,67.1,14.0,7.2,83.3,9.5,6.5,72.2,21.3
Nov-03,1.3,10.9,64.4,15.2,3.7,4.4,0.9,14.6,37.3,29.6,10.6,6.9,19.3,39.3,27.1,8.7,0.3,5.3,18.7,63.7,17.6,9.5,60.0,30.5,10.0,58.8,31.2,13.8,80.1,6.1,18.0,66.9,15.1,10.6,78.1,11.3,5.3,72.4,22.3
Dec-03,1.2,10.3,64.8,16.1,3.7,3.9,0.9,14.7,38.5,30.0,9.8,6.1,17.6,38.9,29.7,8.7,0.4,4.7,17.4,64.0,18.6,8.8,61.2,30.0,9.1,60.0,30.9,14.9,79.7,5.4,17.5,67.7,14.7,15.4,71.9,12.7,5.4,72.4,22.2
Jan-04,1.4,12.0,62.8,16.8,3.6,3.4,1.1,19.6,38.0,27.6,8.5,5.3,15.5,37.9,30.2,11.2,0.4,4.7,17.1,63.7,19.2,7.1,64.0,28.8,7.7,62.8,29.6,13.1,81.9,5.0,22.5,66.8,10.7,15.7,74.2,10.1,6.9,74.4,18.7
Feb-04,1.6,12.0,64.5,15.5,3.3,3.1,0.9,18.7,39.3,27.4,7.8,5.9,16.1,40.0,29.2,10.3,0.4,4.0,14.7,66.9,18.3,7.8,63.6,28.6,8.4,61.6,30.1,13.9,81.5,4.6,26.8,63.9,9.2,15.0,74.8,10.1,7.9,73.4,18.6
Mar-04,1.3,12.0,65.3,14.7,3.4,3.4,1.0,17.1,40.6,27.2,8.1,6.0,15.9,37.7,30.7,10.9,0.6,4.2,15.6,66.7,17.7,8.7,62.4,28.8,9.6,61.0,29.4,13.2,81.7,5.1,27.0,63.6,9.4,15.3,74.9,9.9,8.2,73.6,18.2
Apr-04,1.4,13.0,65.4,14.4,2.7,3.1,0.6,16.7,40.7,27.8,8.2,6.0,15.6,37.4,30.3,12.3,0.5,3.9,21.5,63.9,14.6,10.6,63.0,26.4,11.1,62.5,26.5,12.7,81.9,5.5,25.6,64.8,9.6,14.1,77.1,8.8,8.9,74.1,17.0
May-04,1.5,12.2,65.4,14.8,3.0,3.1,0.8,17.2,40.8,27.4,8.3,5.5,15.2,37.9,32.1,10.0,0.5,4.4,20.2,64.2,15.6,11.0,62.7,26.3,11.2,62.2,26.6,12.8,80.9,6.3,23.9,67.2,8.9,14.7,76.7,8.6,9.8,73.7,16.6
Jun-04,1.6,12.3,65.5,14.2,3.1,3.4,0.9,17.5,41.2,26.9,7.4,6.2,13.7,37.2,33.5,10.9,0.6,4.1,19.6,65.1,15.3,12.7,62.0,25.3,12.6,61.9,25.5,14.1,79.8,6.1,20.9,68.2,10.8,13.3,78.1,8.5,8.4,75.0,16.6
Jul-04,1.3,11.7,66.1,15.0,3.0,2.9,0.9,17.9,41.9,26.3,7.6,5.4,13.6,38.5,32.1,11.1,0.4,4.3,23.5,63.3,13.2,13.6,63.2,23.2,13.9,62.6,23.4,13.3,80.6,6.1,18.6,68.1,13.3,13.4,78.7,7.9,8.1,75.5,16.5
Aug-04,1.5,11.9,65.6,15.2,3.1,2.8,0.8,17.3,40.6,27.5,8.5,5.3,15.2,38.3,30.8,11.2,0.5,4.0,19.0,63.9,17.1,11.9,63.2,24.9,12.7,62.8,24.6,13.1,80.8,6.1,23.5,65.6,10.9,13.9,77.7,8.4,7.0,75.9,17.1
Sep-04,1.6,11.7,66.3,14.4,3.2,2.8,0.9,17.2,41.2,28.1,7.8,4.9,14.6,38.3,32.0,10.9,0.5,3.8,17.6,65.3,17.2,11.0,65.6,23.4,11.7,64.8,23.6,14.1,79.7,6.2,25.0,63.5,11.5,15.4,76.2,8.4,6.9,74.8,18.3
Oct-04,1.5,11.8,65.3,15.6,3.3,2.6,0.7,16.0,38.9,30.4,9.2,4.7,16.9,39.5,30.1,9.6,0.4,3.6,20.7,62.7,16.6,11.6,65.0,23.5,11.7,63.7,24.5,13.0,81.4,5.6,20.3,66.4,13.3,16.2,75.1,8.7,7.5,73.3,19.2
Nov-04,1.3,11.7,64.1,16.1,3.7,3.1,0.8,16.1,38.2,29.6,10.3,5.1,17.9,38.2,29.1,10.1,0.4,4.2,16.9,65.9,17.1,11.5,64.1,24.4,10.8,64.2,25.0,14.4,79.7,5.9,17.1,67.1,15.8,21.1,68.4,10.6,6.5,73.8,19.7
Dec-04,1.6,12.1,63.3,16.3,3.4,3.3,0.8,15.8,39.2,28.6,9.9,5.8,18.1,39.5,27.8,9.7,0.4,4.5,17.7,65.3,17.0,11.4,64.8,23.9,10.9,63.0,26.1,14.5,79.9,5.6,15.9,70.1,13.9,25.7,64.0,10.3,6.3,72.7,21.0
Jan-05,1.4,13.0,64.5,15.0,3.1,2.9,0.7,18.0,41.7,26.5,7.8,5.2,14.2,38.5,30.7,11.7,0.5,4.5,17.1,64.6,18.2,10.0,66.7,23.3,9.4,66.2,24.5,14.0,80.8,5.2,20.2,68.9,10.9,22.6,67.5,9.8,7.4,74.8,17.8
Feb-05,1.3,12.4,66.6,14.3,2.6,2.8,0.7,16.6,42.6,27.4,7.5,5.1,17.2,39.0,28.1,10.3,0.4,4.9,15.9,65.9,18.2,9.5,64.6,25.9,9.7,65.1,25.2,14.4,80.5,5.2,23.0,67.1,9.9,19.6,71.6,8.8,8.4,73.6,18.0
Mar-05,1.5,11.6,66.6,14.5,3.2,2.7,0.8,17.5,40.8,27.3,8.2,5.4,18.3,38.6,27.3,11.2,0.5,4.2,15.0,65.6,19.4,9.7,62.2,28.1,9.6,63.6,26.8,16.2,79.1,4.7,23.7,65.7,10.5,15.2,75.7,9.1,8.1,72.8,19.1
Apr-05,1.3,12.3,67.1,13.7,2.8,2.9,0.7,16.4,41.9,27.9,7.9,5.2,14.7,37.0,31.0,12.9,0.5,3.9,15.9,64.7,19.3,8.9,62.4,28.7,8.6,62.6,28.8,16.2,79.4,4.4,22.5,66.4,11.2,11.3,79.2,9.5,8.3,73.7,18.0
May-05,1.3,12.2,66.1,14.6,2.8,3.0,1.0,14.9,41.4,28.2,8.9,5.6,15.6,38.0,29.6,12.7,0.5,3.6,16.4,65.8,17.8,9.4,61.8,28.8,9.3,62.7,28.0,17.4,78.3,4.3,20.9,66.9,12.2,9.4,80.4,10.2,8.4,73.0,18.7
Jun-05,1.3,11.8,66.0,14.5,3.4,3.1,0.9,15.7,40.9,27.8,9.4,5.4,16.2,37.6,29.9,11.3,0.5,4.5,16.3,65.2,18.5,9.6,61.6,28.8,9.0,61.9,29.1,17.0,78.0,5.0,18.2,67.5,14.3,7.3,81.9,10.9,8.1,73.9,18.0
Jul-05,1.3,11.7,66.5,14.7,3.0,2.7,0.7,14.5,40.3,29.8,9.3,5.4,14.9,37.3,30.7,12.9,0.4,4.0,21.0,62.5,16.4,10.8,63.3,26.0,9.6,63.9,26.5,15.4,79.4,5.2,16.9,68.5,14.6,9.1,81.1,9.8,7.4,75.0,17.6
Aug-05,1.4,11.6,65.4,15.1,3.4,3.2,0.7,15.4,40.6,29.2,8.7,5.5,14.7,38.4,31.0,11.3,0.3,4.2,16.1,64.6,19.3,9.5,64.3,26.3,8.8,64.4,26.8,13.9,80.7,5.3,21.2,67.0,11.7,9.8,81.5,8.7,6.7,76.0,17.3
Sep-05,1.3,12.0,64.1,16.2,3.7,2.7,0.8,16.4,39.0,29.0,9.1,5.7,14.6,36.9,31.0,12.4,0.6,4.6,16.0,66.3,17.7,10.0,65.8,24.2,9.6,65.2,25.2,13.6,81.0,5.4,23.4,64.4,12.3,11.8,80.3,7.9,7.4,74.3,18.3
Oct-05,1.4,11.5,63.4,16.4,3.8,3.5,0.6,15.7,38.8,28.7,10.4,5.8,13.9,34.3,33.1,13.6,0.5,4.7,18.5,65.5,15.9,10.8,66.1,23.1,10.3,65.3,24.4,13.0,81.4,5.6,20.1,66.6,13.3,13.1,78.0,8.9,7.5,74.4,18.1
Nov-05,1.3,11.1,63.0,17.1,3.9,3.6,0.8,14.7,38.1,29.2,11.4,5.8,14.6,34.2,32.3,13.6,0.4,5.0,18.1,65.4,16.5,11.2,65.2,23.6,10.5,65.7,23.7,13.4,81.2,5.5,16.9,67.2,15.9,17.0,73.7,9.3,6.9,73.2,19.9
Dec-05,1.2,12.1,64.1,16.4,3.3,2.9,1.0,17.6,40.4,27.1,8.4,5.4,12.2,33.2,33.2,16.2,0.6,4.6,20.0,64.3,15.7,12.7,64.5,22.7,11.6,65.9,22.5,14.1,80.4,5.5,18.3,67.4,14.3,21.0,68.6,10.4,8.5,72.1,19.4
Jan-06,1.3,12.4,64.7,15.7,2.7,3.3,1.0,20.3,41.1,26.0,6.6,4.9,10.1,32.6,35.2,17.3,0.7,4.2,17.6,64.3,18.1,11.1,67.7,21.3,10.6,67.7,21.8,12.4,82.0,5.6,23.9,65.9,10.2,21.4,68.8,9.8,8.8,74.6,16.6
Feb-06,1.4,12.4,65.8,13.9,3.0,3.4,1.1,19.0,41.2,25.9,7.0,5.8,11.6,33.9,32.7,16.7,0.6,4.5,19.0,65.3,15.6,13.3,66.5,20.2,13.7,65.9,20.3,12.5,81.4,6.1,27.2,64.6,8.2,20.8,70.2,8.9,9.5,75.1,15.4
Mar-06,1.7,11.5,66.4,14.4,3.0,3.0,1.1,17.5,42.9,25.0,7.6,5.9,12.0,35.6,32.7,14.3,0.6,4.7,19.6,67.2,13.2,14.6,66.4,19.1,14.2,66.8,19.0,12.8,81.5,5.6,27.9,65.2,7.0,18.3,73.6,8.1,10.4,75.8,13.8
Apr-06,1.6,12.2,66.0,14.0,2.7,3.5,1.4,20.6,41.2,23.6,6.5,6.8,11.9,33.1,33.3,15.1,0.7,5.7,25.2,64.1,10.7,17.7,65.3,17.0,16.7,65.2,18.1,11.7,82.0,6.3,27.0,65.4,7.6,16.7,76.5,6.8,10.8,75.8,13.4
May-06,1.4,12.2,66.8,14.3,2.5,2.8,1.4,20.4,41.2,24.7,6.9,5.5,8.9,29.3,35.7,20.1,1.0,5.1,21.2,66.4,12.5,17.0,66.6,16.4,16.0,66.3,17.7,12.8,80.7,6.5,27.0,65.4,7.6,16.4,76.5,7.1,11.5,75.9,12.6
Jun-06,1.4,12.1,66.0,14.9,2.8,2.9,1.5,19.9,40.7,24.7,7.7,5.5,8.5,27.1,36.7,21.6,1.1,4.9,26.1,64.5,9.4,18.6,67.1,14.3,18.1,65.6,16.3,12.3,80.4,7.2,22.3,68.1,9.6,16.6,77.0,6.4,11.3,76.1,12.5
Jul-06,1.5,12.1,65.9,14.2,2.9,3.4,1.4,20.0,41.5,24.8,6.6,5.6,8.5,28.2,36.0,20.5,1.3,5.6,25.7,64.3,10.1,20.1,66.2,13.8,18.4,66.0,15.6,11.5,81.4,7.0,19.8,69.1,11.1,16.1,77.4,6.5,11.4,75.7,12.9
Aug-06,1.5,11.7,65.5,14.6,2.9,3.8,1.4,17.8,42.5,25.8,6.0,6.4,8.2,28.3,36.0,20.2,1.3,6.1,22.0,64.4,13.6,17.9,66.9,15.1,16.2,66.9,16.9,10.8,81.4,7.8,23.8,66.5,9.7,16.2,78.3,5.5,10.8,77.0,12.3
Sep-06,1.4,12.0,66.1,14.6,2.6,3.4,1.3,19.3,42.4,24.5,6.8,5.7,8.3,29.5,36.3,19.7,1.0,5.2,22.0,64.9,13.1,18.9,66.5,14.5,16.7,66.8,16.5,11.3,80.4,8.3,27.0,64.4,8.7,17.6,76.6,5.8,11.5,75.7,12.8
Oct-06,1.3,12.5,64.6,15.2,2.9,3.5,1.3,18.7,40.7,26.4,7.1,5.7,8.8,29.5,36.5,18.5,1.2,5.4,23.4,65.0,11.6,18.5,67.9,13.6,16.1,67.8,16.2,10.9,81.1,8.0,21.4,69.2,9.4,18.0,75.8,6.2,11.7,75.1,13.2
Nov-06,1.3,12.5,64.4,15.6,3.0,3.2,1.4,19.8,39.6,26.2,7.4,5.7,8.8,29.5,35.9,19.8,1.0,5.0,23.6,65.3,11.1,19.0,67.6,13.4,16.4,67.7,15.9,11.5,80.7,7.7,20.8,67.2,12.0,20.7,71.9,7.4,11.0,75.2,13.8
Dec-06,1.4,11.7,66.2,14.7,2.7,3.3,1.5,22.4,40.8,23.3,6.1,6.0,8.3,28.1,35.7,21.3,0.9,5.6,24.2,65.8,10.0,20.9,65.9,13.2,17.0,67.3,15.7,10.9,80.8,8.3,20.5,66.4,13.0,25.2,66.6,8.3,11.9,74.0,14.1
Jan-07,1.4,13.0,65.0,14.9,2.0,3.8,1.6,23.2,40.0,23.3,5.3,6.6,6.9,25.9,36.4,24.3,1.0,5.5,19.6,66.2,14.2,17.9,68.3,13.7,14.9,68.8,16.3,10.6,82.0,7.4,25.5,66.3,8.2,27.0,65.9,7.1,14.0,74.8,11.3
Feb-07,1.4,12.5,66.2,14.4,2.0,3.5,1.5,23.4,42.3,22.1,4.3,6.4,6.6,25.6,37.1,23.9,1.1,5.6,23.3,64.8,11.9,19.0,68.1,12.9,18.3,67.3,14.5,10.1,82.5,7.4,27.5,65.6,6.9,21.9,71.2,6.9,14.1,75.8,10.1
Mar-07,1.7,12.9,66.4,12.9,2.1,4.0,1.7,23.2,42.5,19.8,5.5,7.3,8.1,26.0,34.8,24.7,1.2,5.3,22.8,65.4,11.8,20.6,66.5,12.9,18.6,66.6,14.8,11.0,82.4,6.6,28.5,65.6,5.9,20.1,74.3,5.6,14.7,75.4,9.9
Apr-07,1.5,13.2,66.2,12.8,2.5,3.8,2.0,23.4,42.7,19.0,5.1,7.6,7.1,22.2,36.5,26.9,1.8,5.5,26.5,64.5,9.0,21.8,66.2,12.0,19.1,67.2,13.7,10.8,82.5,6.7,26.2,67.9,6.0,15.8,79.1,5.1,15.0,75.0,10.0
May-07,1.4,13.8,67.5,11.4,2.0,3.9,2.7,27.2,40.8,16.8,4.2,8.3,5.6,21.0,35.4,29.2,2.1,6.7,23.9,65.5,10.5,21.3,66.0,12.7,20.0,65.6,14.4,11.7,80.9,7.3,25.5,67.5,7.0,14.9,79.5,5.6,15.9,74.5,9.6
Jun-07,1.9,13.1,67.3,12.3,1.9,3.5,2.5,27.7,40.6,17.4,4.6,7.1,6.6,20.0,35.8,29.1,2.3,6.2,24.9,66.7,8.3,21.0,66.8,12.2,19.3,67.1,13.7,11.2,81.2,7.6,23.1,67.5,9.3,15.5,79.6,4.9,15.6,75.0,9.3
Jul-07,1.6,13.0,67.6,12.0,2.3,3.6,2.2,26.7,40.8,18.3,4.8,7.1,5.7,20.8,35.4,29.5,2.4,6.2,25.1,65.9,9.0,21.1,67.0,12.0,18.8,68.6,12.6,11.1,81.6,7.4,20.8,67.5,11.7,15.6,79.2,5.2,14.4,75.3,10.4
Aug-07,1.7,12.4,65.4,13.8,2.6,4.1,1.7,22.5,41.5,21.4,5.6,7.4,6.1,22.9,38.5,24.8,1.4,6.5,21.1,66.9,11.9,20.0,67.1,12.9,17.2,68.8,14.0,11.2,81.4,7.4,23.3,67.6,9.1,15.9,79.9,4.2,13.8,76.0,10.2
Sep-07,1.3,11.2,65.9,15.2,2.9,3.5,1.5,19.0,41.4,24.3,7.0,6.8,6.6,24.6,40.0,21.4,1.1,6.3,19.0,67.2,13.7,18.9,66.6,14.5,17.1,68.3,14.6,11.9,81.1,7.0,25.2,66.1,8.7,16.0,78.5,5.5,13.2,76.0,10.7
Oct-07,1.5,11.5,63.5,16.7,3.1,3.7,1.4,18.8,39.5,26.1,7.6,6.5,7.2,25.4,37.4,22.1,1.3,6.5,18.8,67.7,13.5,17.3,67.9,14.8,15.9,69.2,15.0,12.5,81.5,6.0,21.9,66.9,11.3,16.6,78.0,5.4,12.7,74.6,12.7
Nov-07,1.2,11.2,62.8,17.5,3.5,3.8,1.0,15.8,37.9,29.1,9.6,6.7,7.9,25.5,39.2,19.6,1.1,6.7,21.1,66.8,12.1,17.5,68.5,14.0,15.9,69.0,15.1,12.0,81.6,6.5,20.3,66.5,13.2,22.1,70.4,7.5,12.3,75.5,12.3
Dec-07,1.3,11.2,62.2,17.5,4.4,3.4,1.1,16.3,39.7,27.9,8.8,6.3,7.7,24.9,40.9,19.8,1.1,5.6,19.8,67.2,13.0,18.0,67.2,14.8,16.5,68.4,15.2,11.9,81.8,6.3,18.8,67.9,13.3,27.4,65.1,7.5,12.4,75.5,12.1
Jan-08,1.2,11.1,60.8,18.3,4.3,4.4,1.0,16.0,36.3,29.3,10.4,7.0,7.1,26.8,39.4,19.7,1.0,6.0,17.1,66.6,16.4,15.9,68.0,16.1,14.4,68.5,17.1,12.5,80.8,6.7,24.0,66.7,9.4,28.4,65.0,6.7,13.4,75.1,11.5
Feb-08,1.2,10.8,62.1,17.3,4.2,4.3,1.0,13.5,38.2,29.0,10.0,8.3,8.6,27.7,39.1,16.9,0.9,6.9,17.9,66.2,15.9,15.9,68.0,16.1,14.9,68.7,16.4,12.7,81.4,5.9,25.6,65.8,8.6,24.2,70.0,5.8,12.6,76.3,11.1
Mar-08,1.2,10.6,62.1,17.3,4.4,4.3,0.9,13.6,38.4,28.6,10.2,8.3,9.7,27.8,37.1,18.1,0.9,6.5,19.0,67.7,13.3,17.1,66.6,16.3,15.9,67.1,16.9,13.4,80.3,6.3,24.9,66.5,8.6,20.8,73.5,5.7,12.9,76.3,10.8
Apr-08,1.1,10.3,61.1,17.8,4.3,5.4,0.8,14.2,36.8,29.1,10.5,8.7,8.7,25.6,36.8,21.1,1.0,6.7,18.5,66.3,15.1,15.7,65.4,18.9,14.5,67.1,18.4,14.2,79.5,6.3,23.4,67.7,8.9,18.2,76.3,5.5,12.4,76.6,11.0
May-08,1.2,10.9,58.7,20.1,4.7,4.4,1.1,14.9,36.2,28.0,12.2,7.6,9.2,25.9,38.0,20.0,1.1,5.9,20.5,65.7,13.8,15.7,65.0,19.3,14.2,66.7,19.1,13.7,80.2,6.1,21.0,68.0,11.1,18.6,74.2,7.1,11.6,77.6,10.8
Jun-08,1.2,9.4,57.4,22.1,6.8,3.1,0.8,13.1,36.0,28.5,15.7,5.9,9.8,24.9,39.3,19.5,1.2,5.3,18.2,65.5,16.2,14.6,64.5,20.9,13.3,66.2,20.5,15.7,78.0,6.3,18.3,67.0,14.8,20.6,72.8,6.6,11.2,76.1,12.7
Jul-08,1.2,9.3,55.2,23.9,6.9,3.4,0.5,10.9,31.5,34.1,17.4,5.6,12.9,29.6,35.5,15.7,0.8,5.5,17.9,65.3,16.8,12.9,64.7,22.4,12.4,65.6,22.0,14.8,79.4,5.7,15.6,66.1,18.4,23.7,70.8,5.5,9.7,76.2,14.1
Aug-08,1.1,9.1,59.3,21.1,6.2,3.2,0.5,9.9,35.1,34.0,15.6,4.9,12.9,35.3,34.7,11.6,0.7,4.8,14.8,65.5,19.7,12.0,64.1,23.9,10.3,66.1,23.7,15.4,79.0,5.6,16.5,65.8,17.7,22.7,69.8,7.5,8.8,75.5,15.7
Sep-08,1.2,9.4,59.5,20.4,6.0,3.4,0.5,10.2,36.8,32.3,14.8,5.4,13.8,35.6,35.1,10.5,0.6,4.4,10.9,62.7,26.4,10.3,60.9,28.8,8.6,62.6,28.7,16.8,78.1,5.2,18.6,62.4,19.0,18.0,73.5,8.5,8.5,71.7,19.8
Oct-08,1.1,8.6,58.7,20.6,7.0,4.1,0.5,9.1,27.3,35.2,22.1,5.7,23.1,39,25.2,8.2,0.7,3.9,12.2,58.9,28.9,8.5,56.6,34.9,7.9,57.6,34.5,19.6,75.1,5.3,13.2,56.4,30.3,14.4,73.6,11.9,6.2,69.7,24.1
Nov-08,0.9,8.4,59.8,21.1,5.8,4.0,0.4,8.8,27.5,36.3,21.7,5.3,32,40.1,19,5.5,0.5,2.9,9.7,51.6,38.7,6.8,47.9,45.3,6.0,50.5,43.5,23.4,70.6,6.1,8.7,49.7,41.6,13.0,70.9,16.1,4.2,63.4,32.3
Dec-08,1.0,7.9,59.8,21.0,6.1,4.2,0.5,8.4,24.8,35.3,26.2,4.9,42.5,37.7,13.3,3.8,0.3,2.5,8.2,43.5,48.3,5.3,40.7,54.0,5.1,43.4,51.5,27.1,67.5,5.3,6.3,46.5,47.2,13.9,65.1,21.0,2.9,59.4,37.7
Jan-09,0.9,8.2,62.9,19.2,5.3,3.6,0.5,9.5,26.3,36.6,22.4,4.6,40.6,40.8,12.5,3.2,0.6,2.4,6.8,40.8,52.4,4.7,39.3,56.0,4.0,42.1,53.9,25.0,68.9,6.1,10.0,50.7,39.3,11.6,68.5,19.9,3.2,61.8,35.0
Feb-09,0.9,7.4,62.7,18.9,6.4,3.6,0.5,10.0,24.8,34.0,26.6,4.1,48.6,35.4,10.5,2.9,0.5,2.1,5.0,40.1,54.9,3.2,35.1,61.7,2.8,36.3,61.0,27.0,66.3,6.7,10.9,52.9,36.2,9.0,71.3,19.7,2.9,60.6,36.5
Mar-09,1.0,7.2,63.6,18.6,5.2,4.5,0.5,8.3,22.4,34.6,29.2,4.9,54.4,31.6,8.4,3,0.5,2.1,4.9,40.9,54.2,3.1,32.5,64.4,2.9,33.8,63.3,27.6,66.3,6.2,11.6,52.8,35.6,5.8,72.9,21.3,2.6,58.2,39.2
Apr-09,1.3,7.7,64.8,17.7,4.2,4.2,0.8,11.8,25.8,34.1,22.4,5.0,46.9,35.4,10.8,3.9,0.4,2.4,8.1,44.6,47.3,3.7,33.9,62.5,2.8,35.6,61.6,26.2,67.5,6.3,12.8,58.0,29.2,5.8,75.6,18.6,3.0,60.8,36.2
May-09,1.1,8.7,66.5,15.8,3.9,4.0,0.9,15.8,28.8,30.4,18.7,5.4,41,37.6,13.1,5,0.5,2.7,8.0,46.8,45.2,3.0,34.6,62.4,2.7,35.0,62.3,24.5,68.2,7.3,13.2,60.8,26.1,4.7,76.2,19.2,3.4,62.2,34.4
Jun-09,1.0,9.7,66.7,14.6,4.0,4.0,1.1,17.4,30.2,29.3,17.3,4.6,38.3,38.5,14.5,5.9,0.4,2.4,11.1,49.3,39.6,3.4,34.3,62.4,2.9,36.0,61.1,24.4,66.9,8.7,13.8,60.5,25.7,5.8,76.4,17.9,4.0,63.0,33.0
Jul-09,1.0,10.1,67.3,13.7,3.6,4.3,0.9,19.5,33.2,27.5,13.8,5.1,35.8,39.8,15.3,5.9,0.5,2.7,13.6,50.1,36.3,3.6,37.1,59.2,3.4,37.9,58.7,22.2,68.8,9.0,13.1,61.7,25.2,5.3,78.8,15.9,3.7,65.7,30.6
Aug-09,1.2,9.5,68.4,12.8,3.5,4.6,1.1,21.1,32.2,26.3,14.2,5.1,37.2,38.5,14.4,6.8,0.4,2.7,15.4,52.8,31.9,4.9,39.2,55.9,3.8,41.1,55.1,19.0,72.9,8.1,16.9,64.0,19.1,6.0,81.0,13.0,3.6,68.9,27.5
Sep-09,1.2,9.9,68.7,12.7,3.3,4.3,1.2,23.7,34.4,23.3,11.7,5.6,29.8,42.2,17.3,7.3,0.4,3.1,13.1,55.0,32.0,4.8,39.7,55.5,4.1,41.5,54.4,17.7,73.6,8.7,20.1,61.7,18.1,6.2,80.7,13.1,3.6,67.2,29.1
Oct-09,1.3,10,68.2,13,3.2,4.2,0.9,23.1,34.4,24.9,11.4,5.3,29.8,43.5,16,6.8,0.5,3.4,17.4,53.1,29.5,5.1,40.6,54.3,4.5,42.0,53.4,17.1,73.6,9.3,17.6,63.8,18.7,5.5,81.0,13.5,3.9,68.2,27.9
Nov-09,1.2,9.9,69,13.5,2.7,3.7,1.1,23.1,34.8,24.9,11.2,4.9,30.9,43.7,15.9,6.4,0.3,2.8,17.5,56.1,26.4,4.7,42.1,53.2,4.3,43.9,51.8,16.4,74.9,8.7,15.7,64.2,20.1,7.1,77.7,15.2,3.8,68.8,27.5
Dec-09,1,10.2,69.2,13.1,2.9,3.5,0.8,21.8,36.5,25.4,10.4,5,27.6,43.9,18.1,7.3,0.3,2.8,18.4,56.0,25.6,4.6,44.6,50.8,3.6,46.6,49.8,15.8,74.2,9.9,15.3,64.5,20.2,8.7,76.1,15.2,3.8,69.5,26.7
Jan-10,1.1,10.8,68.8,13.2,2.6,3.5,1,22.6,37.6,24.3,10.1,4.4,26.2,44.9,19.1,7.1,0.3,2.4,15.4,57.0,27.6,4.9,47.3,47.7,4.2,48.3,47.5,13.9,76.8,9.3,20.1,65.6,14.3,11.2,75.9,12.9,4.9,72.2,23.0
Feb-10,1,10,68.2,14.1,3.4,3.3,0.8,19.7,36.9,26.8,11.5,4.4,27.1,45.4,17.7,7.1,0.2,2.4,17.8,55.8,26.4,5.5,47.7,46.9,5.4,49.6,45.0,13.5,77.2,9.3,23.8,63.2,13.0,10.9,76.2,12.9,5.7,73.0,21.3
Mar-10,0.9,9.5,69.5,13.5,3.5,3.2,0.8,19.4,36,27.9,11.6,4.3,25.5,47,17.7,7.2,0.2,2.5,19.8,57.5,22.7,6.0,50.4,43.6,6.1,53.0,40.9,11.4,79.5,9.1,26.6,61.5,11.9,11.2,76.6,12.2,6.5,73.4,20.1
Apr-10,1.1,9.5,69.3,13.3,3.6,3.2,0.8,20.9,38,25,10.4,4.8,19.2,43.1,24,10.5,0.3,3,27.4,56.2,16.4,8.7,53.4,37.9,8.6,54.7,36.8,10.7,80.6,8.7,26.8,62.6,10.6,13.7,77.5,8.8,7.8,76.2,16.1
May-10,1.1,9.1,66.8,15.3,4.3,3.3,0.8,16.9,33.9,28.2,15.5,4.7,18.5,41.4,25.5,11.5,0.2,2.9,25.6,58.6,15.8,9.8,55.1,35.1,8.8,57.0,34.2,11.6,79.5,8.9,25.3,64.0,10.6,15.4,75.9,8.8,9.2,75.0,15.8
Jun-10,1.2,8.9,65.3,16.5,4.7,3.3,1.1,18.1,32.8,28.1,15.5,4.4,19.8,38,26.9,11,1.3,3,26.9,56.9,16.2,10.7,55.3,34.0,10.4,57.8,31.7,11.2,79.0,9.8,23.4,62.8,13.8,14.5,77.0,8.5,9.7,75.2,15.1
Jul-10,1.1,9.5,65.5,16,4.6,3.4,1.2,22.3,35.2,23.4,13,4.9,16.5,36.5,27.9,15.2,0.6,3.2,29.9,56.6,13.5,12.4,57.8,29.8,11.5,59.5,29.0,9.8,80.6,9.6,20.9,64.8,14.4,14.7,76.6,8.7,11.0,74.6,14.4
Aug-10,0.9,10.5,67.6,14,4,2.9,1.4,24.9,36.8,21.9,10.4,4.6,14.5,35.3,29.1,17.1,0.7,3.2,27.2,58.3,14.6,13.1,59.2,27.7,13.1,59.7,27.2,9.9,80.8,9.3,23.6,64.9,11.5,14.2,78.9,6.9,10.4,75.2,14.4
Sep-10,1.2,10.7,67.2,13.8,3.7,3.3,1.2,23.7,36.6,23.8,9.3,5.4,11.6,36.1,30,17.7,0.7,3.8,22.7,61.4,15.9,12.5,60.1,27.4,12.6,60.8,26.6,9.9,81.4,8.7,25.9,63.4,10.7,15.4,77.8,6.8,10.3,76.3,13.4
Oct-10,1.3,9.9,66.6,15.2,4,3.1,1.5,22.9,34.5,23.9,12.1,5.1,14.5,34.2,28.7,18.3,0.8,3.4,24.6,61.3,14.1,13.9,59.0,27.1,13.6,60.4,26.0,10.4,80.8,8.8,21.9,66.1,12.0,13.8,78.8,7.4,11.5,75.2,13.2
Nov-10,1,10.5,67,13.9,4.1,3.4,1.7,23.7,36.7,21.8,11.2,4.9,13.4,34.4,28.6,18.4,1.5,3.6,22.6,62.4,15.0,12.7,60.0,27.3,12.9,61.2,26.0,10.6,80.4,9.0,19.7,66.1,14.2,17.7,73.8,8.5,10.7,75.7,13.6
Dec-10,0.8,9.8,67.7,14.7,4.2,2.7,1.2,21.9,36.3,23.9,11.9,4.8,14.6,34.5,28.7,17.8,1.4,3.1,23.2,63.0,13.8,14.5,60.4,25.1,13.6,61.4,25.0,10.1,80.4,9.4,20.7,65.3,14.1,23.1,68.8,8.1,12.1,74.6,13.3
Jan-11,1,10.4,66.1,16.1,4.1,2.4,1.3,23,34.9,24.1,12,4.7,14.1,32.3,30.7,18.3,1.2,3.4,22.5,61.4,16.1,15.0,61.4,23.5,15.0,62.4,22.6,9.0,81.8,9.2,25.8,65.6,8.6,26.1,67.1,6.8,14.1,75.0,10.9
Feb-11,1.1,11,66.6,14.6,4,2.6,1.4,22.7,35.9,22.5,12.5,5,14.1,32.3,30.5,18.7,1,3.4,23.5,60.7,15.8,16.1,60.6,23.3,15.3,62.3,22.3,10.0,81.1,8.9,28.9,63.5,7.6,28.2,66.0,5.8,15.4,74.1,10.5
Mar-11,1.1,10.1,66.7,15.4,4.2,2.5,1.1,20.6,35.7,23.9,13.4,5.3,14.4,30.4,31.6,18.7,1.2,3.6,24.8,61.6,13.6,17.1,61.4,21.5,16.2,63.1,20.8,9.5,81.1,9.4,27.9,64.8,7.4,28.2,66.6,5.3,16.1,74.6,9.3
Apr-11,1,10.7,65.3,15.6,4.6,2.7,1.1,20.5,35.6,24.1,14,4.7,13.4,29.2,32.2,20.7,1,3.6,27.4,60.7,11.9,18.0,61.8,20.2,17.0,63.6,19.4,9.2,82.1,8.6,27.4,64.7,8.0,24.5,71.2,4.4,16.6,73.8,9.5
May-11,1.2,11.3,64.5,15.8,4.4,2.8,1.4,22.1,37,21.7,12,5.8,12.9,27.7,32,21.9,1.9,3.5,23.2,63.5,13.2,17.2,60.9,21.8,16.0,64.1,19.9,10.3,79.9,9.8,24.5,66.3,9.2,22.5,72.4,5.0,16.7,74.2,9.1
Jun-11,1.3,11.4,64.5,14.6,5,3.1,1.4,22,38,21.5,11.4,5.7,12.6,27,32.8,22.1,1.5,4,25.2,63.0,11.8,17.2,62.0,20.8,16.4,63.2,20.5,10.7,80.3,9.0,20.6,68.6,10.8,19.6,74.7,5.7,15.7,75.3,9.0
Jul-11,1,10.9,66.1,14.6,4.7,2.7,1.3,20.2,37.6,24.2,11.2,5.5,13.5,28.7,31.8,20.5,1.7,3.9,19.8,66.3,13.9,16.2,62.1,21.7,16.3,62.7,21.0,11.8,79.9,8.3,17.0,70.5,12.5,16.2,77.6,6.2,14.6,75.7,9.7
Aug-11,1.2,10,65.8,15.2,4.6,3.1,1.1,14.5,34.9,28.6,15.8,5.2,15.3,35.2,31.1,13.8,0.8,3.9,16.3,66.7,16.9,14.8,61.6,23.6,13.0,64.5,22.4,12.1,80.8,7.1,19.1,68.3,12.6,14.0,79.0,7.0,11.7,77.4,10.9
Sep-11,1,9.6,65.1,15.5,5.8,3,0.8,12.2,34.8,28.5,17.5,6.3,17.9,35.5,29.9,10.7,0.9,5.1,14.2,67.8,18.0,12.5,61.8,25.7,11.3,64.6,24.1,12.4,81.3,6.3,19.4,65.3,15.4,12.4,80.6,6.9,10.8,76.1,13.1
Oct-11,1,9.6,63.2,17.3,5.9,3.1,0.6,10.7,32.1,30.5,20.5,5.6,19.4,37.6,28.3,10.7,0.6,3.5,15.1,65.2,19.7,11.8,61.8,26.4,10.8,65.0,24.2,13.2,80.5,6.3,15.6,65.8,18.6,11.2,78.9,9.9,9.4,75.8,14.9
Nov-11,1.1,9.9,62.4,17.3,6,3.3,0.6,11.7,30.7,30.4,20.3,6.3,20.9,37.8,25.6,10.6,1,4.1,12.7,65.5,21.8,10.8,60.6,28.6,10.3,61.9,27.8,13.5,80.0,6.5,13.2,64.6,22.3,13.2,76.0,10.8,8.3,75.2,16.5
Dec-11,1,9.2,60.4,18.7,7,3.6,0.7,12.7,30.9,29.9,20.3,5.5,21.8,37.5,25.2,11,0.8,3.7,14.3,62.4,23.2,10.5,59.9,29.6,10.3,62.0,27.6,13.3,80.8,5.9,12.3,66.9,20.8,16.3,72.9,10.8,7.5,74.2,18.3
Jan-12,1,9.3,61,19.9,5.7,3,0.8,12.9,32.2,30.4,18.4,5.2,20.1,38.3,26.2,11.1,0.9,3.4,13.3,62.9,23.8,9.8,61.8,28.5,9.4,65.0,25.6,11.8,81.9,6.4,17.2,67.6,15.1,18.0,72.6,9.4,9.7,76.4,13.9
Feb-12,1.2,9.6,62,18.1,6,3.1,0.7,14.4,32.8,28.6,17.4,6,22.5,38.5,24.1,10.3,0.8,3.8,13.4,63.6,23.0,10.8,61.0,28.2,10.5,63.5,26.1,12.2,81.7,6.1,20.7,66.7,12.5,16.5,76.1,7.5,9.4,76.6,14.0
Mar-12,1.1,10,62,17.5,5.8,3.7,0.9,14.4,34.2,27.7,16,6.7,21.8,36.9,26.1,10.7,0.5,4,14.1,64.8,21.1,9.9,61.6,28.6,10.5,64.0,25.4,11.9,81.9,6.2,20.6,66.4,13.0,15.5,77.3,7.2,9.6,77.3,13.2
Apr-12,1.1,9.6,61.2,18.5,6,3.6,1,14.2,34,27.4,16.6,6.9,20.3,38.4,24.8,11.5,0.6,4.4,17.0,63.4,19.6,10.9,60.3,28.8,11.1,62.6,26.4,12.3,81.1,6.6,19.5,67.6,13.0,13.8,79.5,6.7,11.1,76.0,12.9
May-12,1.1,9,61.3,18.9,5.8,3.9,0.9,15,34.2,25.3,16.4,8.2,19.7,35.8,26.7,12.9,0.5,4.4,14.9,63.4,21.6,9.3,59.2,31.5,9.3,63.4,27.3,12.8,80.8,6.4,18.3,66.7,15.0,11.0,81.2,7.8,9.9,75.8,14.3
Jun-12,1.3,9.4,60.8,18.2,6,4.2,0.8,13.9,34.3,27.9,16.4,6.8,20.5,37.8,26,11,0.8,4,14.4,63.9,21.7,9.4,59.6,31.0,10.1,62.1,27.8,12.7,81.1,6.2,15.1,67.3,17.6,9.1,80.9,10.0,8.3,77.3,14.4
Jul-12,1.3,9.9,60.4,19,6.1,3.4,1.4,13.8,33.5,29.7,16.7,5,22.7,39.1,23.7,10.5,0.8,3.3,13.2,62.7,24.1,8.8,59.7,31.5,8.8,62.5,28.7,14.1,79.9,6.0,12.9,66.2,20.8,7.4,82.8,9.7,8.3,76.0,15.7
Aug-12,1.2,8.6,60.7,19.9,5.9,3.6,0.8,11.3,32.7,32.3,18.2,4.7,26.1,40.8,22.4,6.8,0.5,3.4,12.8,63.5,23.7,8.5,59.9,31.5,8.2,64.7,27.1,12.8,81.8,5.4,14.0,66.8,19.1,8.4,83.8,7.8,7.2,75.1,17.7
Sep-12,1,8.7,58.3,20.8,7.2,4,0.8,11.8,31.1,32.2,19.3,4.7,25.8,41.9,21.4,7,0.6,3.3,10.2,62.4,27.4,7.5,58.8,33.7,8.0,62.3,29.7,12.8,81.1,6.1,16.3,63.5,20.2,9.5,81.9,8.6,6.9,72.9,20.2
Oct-12,1.1,9.6,57.5,21.8,7.1,3,0.7,11.1,29.1,33.6,20.6,5,26.9,41.8,21.6,6.1,0.7,3,10.3,59.2,30.5,6.2,55.7,38.1,6.3,60.6,33.1,14.4,79.8,5.8,12.6,62.3,25.1,8.6,81.5,10.0,6.5,72.6,20.9
Nov-12,1.1,9,57,22.2,7.6,3.2,0.8,11,30.7,32.3,20.6,4.6,29.5,41.9,19.6,5.4,0.8,2.9,12.5,60.4,27.1,7.3,55.0,37.7,7.3,58.8,33.9,13.1,81.0,5.9,11.1,63.8,25.1,10.0,78.6,11.4,5.9,72.0,22.0
Dec-12,1,9.1,58.5,21.2,7,3.2,0.7,10.1,30.8,32.3,21,5.1,30,42.1,19.1,5.2,0.6,3,12.6,59.9,27.5,7.3,55.7,37.0,7.0,60.4,32.6,12.4,81.6,6.0,12.3,63.8,23.9,13.8,75.0,11.2,6.3,71.7,22.1
Jan-13,1,10.3,58.5,20.3,6.7,3.2,0.7,12.8,32.2,31.4,18,4.9,26.1,41.9,21,7.1,0.7,3.2,10.5,59.4,30.0,6.5,57.2,36.2,6.2,61.7,32.1,11.2,82.6,6.2,17.7,64.0,18.3,15.3,75.5,9.3,7.7,73.7,18.5
Feb-13,1.1,9.7,60.3,18.6,6.7,3.5,0.8,13.7,33.5,29.5,17.1,5.3,27.6,40,21.1,7.2,0.7,3.5,12.3,62.9,24.8,7.1,59.5,33.4,7.0,63.6,29.4,11.1,83.6,5.3,20.7,66.7,12.6,13.5,77.4,9.1,7.7,75.3,17.0
Mar-13,1.2,10,59.4,19.3,6.6,3.4,1,13.3,32.5,29.6,18.4,5.1,27.1,39.4,21.5,8.2,0.5,3.1,11.6,65.0,23.4,6.4,58.8,34.8,6.7,63.6,29.6,11.3,82.8,5.9,21.6,65.4,12.9,11.1,79.1,9.8,8.2,75.2,16.6
Apr-13,1.1,10.3,59.9,19.1,6.1,3.6,0.8,14.1,34.7,27.2,17.9,5.2,24.2,38.9,22.8,10,0.7,3.5,13.0,64.3,22.7,6.7,57.6,35.7,7.8,62.8,29.4,11.6,82.7,5.7,20.8,65.4,13.8,8.7,81.8,9.5,8.4,75.0,16.6
May-13,1.1,9.7,61.5,18.7,5.6,3.4,0.8,14.2,33.9,28.5,17.3,5.2,23.1,39,24.1,9.4,0.6,3.8,15.4,65.0,19.6,6.9,59.6,33.5,7.6,64.1,28.3,11.6,82.9,5.5,18.2,68.2,13.6,7.1,83.1,9.8,8.2,75.3,16.5
Jun-13,1.2,10.9,60.2,18.7,5.8,3.3,1.7,17.5,35.3,25.2,15.6,4.7,21.3,37.5,25.8,12,0.7,2.6,16.7,63.3,20.1,8.2,60.4,31.4,9.8,62.7,27.5,12.6,81.1,6.3,17.9,66.5,15.6,7.3,82.4,10.4,8.0,75.8,16.2
Jul-13,1.1,11.5,61.1,17.9,5.6,2.8,1.5,18.7,36.5,24.4,15.1,3.8,19.1,36.6,28.1,12.6,0.7,2.8,17.0,64.7,18.3,8.8,60.5,30.7,9.9,63.7,26.5,12.1,81.9,6.0,16.1,66.8,17.1,8.1,82.2,9.7,9.0,75.0,16.0
Aug-13,1.4,12.2,60.6,17.6,5.4,2.8,1.6,20.3,37.7,23.8,12.9,3.8,17,39.6,28.2,11.8,0.6,2.7,18.2,64.0,17.8,10.4,62.0,27.6,10.6,64.7,24.7,11.1,83.0,5.9,19.1,66.9,14.0,8.7,82.4,8.9,8.2,76.1,15.8
Sep-13,1.3,12.4,61.3,17.4,5.2,2.4,1.4,21.9,37.4,22.8,12,4.6,16,38.9,29.4,12.4,0.6,2.7,14.4,64.5,21.0,9.1,62.5,28.4,10.2,64.9,24.9,10.5,82.9,6.6,21.6,65.8,12.6,8.8,82.2,9.0,9.0,75.0,16.1
Oct-13,1.3,12,60.2,18.3,5.5,2.6,1.6,21.4,36.1,23.2,13.7,4,17.1,38.7,28.2,12.8,0.6,2.6,15.9,65.3,18.8,9.0,62.4,28.6,10.3,63.6,26.1,11.2,82.2,6.6,19.5,65.4,15.1,7.6,83.2,9.1,9.1,73.9,17.0
Nov-13,1.3,11.9,62.7,16.4,5.1,2.6,1.4,21.3,35.5,22.2,15.3,4.3,19.3,37.8,27.4,11.8,0.8,3,18.8,65.2,16.1,9.7,63.0,27.3,10.6,64.7,24.8,11.6,81.8,6.6,16.7,67.1,16.3,10.0,79.3,10.7,8.4,74.6,16.9
Dec-13,1.3,12.3,60.6,17.1,5.4,3.3,1.4,22.4,37.1,21,13.8,4.2,17.5,37.5,29.3,12.6,0.7,2.6,17.5,65.1,17.4,9.6,63.4,27.1,10.0,65.3,24.7,10.3,82.3,7.3,16.6,66.6,16.8,13.4,75.5,11.1,8.8,73.5,17.7
Jan-14,1.3,13.7,61.3,16,4.9,2.8,1.4,25.6,37.3,19.9,11.4,4.3,15,36.1,30.4,14.9,0.9,2.8,15.9,64.5,19.6,8.9,65.8,25.3,9.6,67.3,23.1,9.3,84.0,6.7,22.8,64.7,12.4,14.0,77.6,8.3,10.4,74.9,14.7
Feb-14,1.5,13.5,61.2,15.5,5,3.3,1.4,23.8,38.4,20,12.2,4.2,16.5,36.2,28.7,14.7,0.9,2.9,18.1,64.1,17.7,10.6,63.9,25.5,10.9,66.3,22.9,10.2,82.4,7.5,24.6,65.6,9.7,12.4,78.2,9.5,10.2,75.8,14.1
Mar-14,1.5,13.4,62.6,14.7,4.6,3.2,1.4,25.5,39.6,18.2,10.7,4.7,13.6,33.3,31.3,17.9,0.8,3,19.2,65.8,15.1,10.8,64.3,25.0,11.4,66.2,22.5,10.3,82.5,7.2,25.1,66.1,8.8,10.8,80.0,9.3,11.3,75.2,13.5
Apr-14,1.5,13.6,62.1,15.3,4.4,3.1,1.9,26.8,38.6,18,9.8,4.8,13.3,31.9,31.6,19.2,1.1,2.9,21.6,62.8,15.6,11.7,64.9,23.4,10.3,68.3,21.4,10.4,82.9,6.7,23.5,66.7,9.8,8.4,83.9,7.7,11.0,76.6,12.4
May-14,1.3,13.9,63,14.5,4,3.2,1.8,27.1,39.2,18.2,8.8,5,10.4,31.7,33.8,20.2,0.9,3,19.4,66.3,14.3,9.7,67.2,23.1,10.0,67.8,22.2,10.3,82.8,6.9,21.1,68.4,10.4,6.8,85.1,8.1,10.8,77.3,11.9
Jun-14,1.6,14.2,62.2,14.8,3.9,3.3,2,27.1,39.4,18,8.4,5,11.5,31.9,32,20.4,1,3.2,18.5,67.0,14.5,9.7,66.1,24.1,10.4,66.4,23.2,10.7,82.9,6.4,17.7,69.6,12.7,6.0,85.5,8.5,10.4,76.8,12.8
Jul-14,1.5,14.4,62.5,14.6,4.1,3,2.1,26.3,40.9,17.7,8.8,4.2,12.7,33.3,32.2,18.3,1,2.5,17.1,67.1,15.8,10.4,65.8,23.8,10.2,67.2,22.6,10.7,83.6,5.7,16.6,68.9,14.5,6.2,85.3,8.6,10.2,76.3,13.5
Aug-14,1.3,13.1,64.1,14.6,4.3,2.7,1.6,21.8,39.7,22.2,10,4.7,12.3,36.8,30.8,16.5,0.9,2.8,16.6,68.6,14.8,9.8,67.1,23.0,9.7,68.3,22.1,11.1,83.1,5.8,16.6,69.3,14.1,5.9,84.9,9.2,9.1,76.3,14.6
Sep-14,1.4,12,64,15.3,4.4,2.9,1.6,20,38.3,23.3,11.9,4.9,14,37.5,29.1,15.5,0.9,3.1,13.0,67.1,19.9,8.2,66.5,25.3,8.6,67.3,24.1,11.6,82.8,5.6,19.5,65.9,14.6,5.5,83.7,10.8,8.5,76.5,15.0
Oct-14,1.6,12.5,62.3,16.1,4.7,2.9,1.6,18.7,37.9,25.3,12.4,4.1,13.3,37.9,29.9,14.9,1.1,3,13.9,67.4,18.7,8.1,65.3,26.6,8.6,65.6,25.8,12.3,82.5,5.2,17.3,65.6,17.0,6.3,82.9,10.8,8.0,75.1,16.9
Nov-14,1.6,12.4,62.7,15.6,4.6,3.2,1.4,18.4,38.5,24.9,12.1,4.7,13.4,38,29.8,14.5,0.8,3.4,16.6,66.2,17.2,8.8,66.2,25.0,8.9,66.6,24.5,12.0,82.3,5.6,14.7,67.0,18.2,8.2,77.8,14.0,7.0,74.9,18.1
Dec-14,1.3,13,62.7,15.5,4.5,3,1.5,20.7,38.5,23.5,11.7,4.2,14.4,36.8,29.5,15.5,1.1,2.8,14.4,67.4,18.2,9.1,65.1,25.8,8.9,66.8,24.3,12.8,82.1,5.1,14.0,68.6,17.4,10.1,74.4,15.5,7.5,74.9,17.6
Jan-15,1.5,14.1,62.5,14.3,3.9,3.6,1.7,24.9,39.2,20.6,8.8,4.9,11.3,34.7,31.2,18.7,1.2,2.9,13.6,67.4,18.9,8.0,67.8,24.1,8.1,68.9,23.0,10.7,84.3,5.0,20.3,68.3,11.4,10.6,75.3,14.0,9.5,76.7,13.9
Feb-15,1.5,13.9,65.6,12.4,3.3,3.2,2,27.6,40.7,17.8,7.1,4.8,9.7,34,31.1,20.7,1.2,3.3,15.4,66.5,18.1,10.0,64.9,25.1,10.1,66.4,23.5,10.7,83.3,6.0,23.3,67.6,9.1,9.5,77.6,12.9,10.1,77.1,12.7
Mar-15,1.3,14.9,65.5,12.1,3.3,3,2.1,30,40.2,16.5,6.5,4.7,7.4,28.4,33.2,26.2,1.5,3.3,16.6,67.4,16.0,11.6,66.1,22.4,11.8,66.3,21.9,10.2,83.9,6.0,24.8,66.8,8.5,8.9,79.5,11.6,12.3,75.0,12.7
Apr-15,1.8,14.3,65.3,12.1,3.5,3,2.5,28.4,41.2,16.4,6.9,4.5,8.9,29.4,32.5,24.2,1.5,3.5,21.8,65.5,12.7,12.6,66.6,20.8,11.7,68.6,19.7,10.3,83.8,5.9,22.2,69.2,8.6,8.2,83.0,8.8,11.8,77.2,11.0
May-15,1.4,14.4,65.9,11.7,3.5,3.1,2,28.9,40.4,16.2,7.3,5.2,9.6,28.9,33,24.1,1.2,3.4,20.3,65.7,14.0,11.7,67.0,21.3,11.7,68.0,20.4,10.7,83.8,5.5,21.1,69.8,9.0,8.4,83.1,8.6,12.5,76.1,11.4
Jun-15,1.6,15.3,64.5,12.4,3.4,2.8,2.3,28.4,40.5,16.7,7.3,4.9,9.5,27.9,31.5,26.2,1.6,3.3,18.6,65.4,16.0,13.0,64.5,22.5,12.8,65.3,21.9,10.3,84.1,5.6,18.8,69.7,11.5,6.5,84.8,8.7,12.0,75.8,12.2
Jul-15,1.5,14.6,65.5,12.1,3.7,2.6,1.7,25.2,40.4,20,8,4.7,10.2,29.7,33.1,22.8,1.2,3,21.0,65.4,13.5,12.8,65.9,21.3,12.9,66.2,20.9,10.7,83.5,5.8,16.7,69.6,13.8,5.9,86.0,8.1,10.6,77.2,12.2
Aug-15,1.7,13.9,65.7,12.3,3.7,2.8,2.1,25.6,40.6,18.9,7.8,4.9,9.6,32.5,32.9,20.9,1,3.2,18.0,66.4,15.6,12.1,67.2,20.7,11.2,67.9,20.9,11.0,84.0,5.0,19.7,67.1,13.2,5.9,84.7,9.4,9.8,76.9,13.3
Sep-15,1.6,13.8,66.5,11.8,3.5,2.8,2,24,39.2,20.9,9.3,4.6,11.8,32.3,31,20.5,1.1,3.2,15.1,66.8,18.1,10.1,68.2,21.7,10.3,67.8,21.9,11.4,83.7,4.9,23.0,66.0,11.0,5.6,82.5,11.9,9.8,76.9,13.4
Oct-15,1.5,13.8,66.3,12.5,3.4,2.5,1.6,23.9,38.6,21.6,9.9,4.4,13.1,33.3,31.8,17.9,0.9,2.9,17.0,66.9,16.1,10.0,67.4,22.6,10.2,67.1,22.7,11.5,83.4,5.1,19.2,66.2,14.6,5.7,82.8,11.5,9.2,75.7,15.1
Nov-15,1.4,14.2,65.7,12.1,3.8,2.8,1.9,24.3,39,20.5,9.6,4.8,12.1,28.6,34.9,19.5,1,3.9,18.1,66.8,15.1,9.4,67.9,22.7,9.6,67.3,23.1,11.1,83.9,5.0,15.3,68.0,16.8,8.3,80.3,11.4,8.3,77.4,14.3
Dec-15,1.6,15.6,65.3,11.1,3.6,2.8,2.3,24.4,38.2,21,9.4,4.8,13.2,31.7,30.7,19.8,1,3.6,17.0,66.5,16.5,10.8,67.5,21.7,10.4,67.3,22.3,12.0,82.6,5.4,16.0,67.9,16.1,10.8,75.4,13.8,9.1,75.9,15.0
Jan-16,1.5,15.5,64.9,11.5,3.6,3,2.2,25.4,39.2,20.1,8.1,5.1,12.2,31.3,30.4,21.9,1.1,3.2,14.6,66.9,18.4,9.2,70.1,20.7,8.9,69.8,21.3,10.8,84.0,5.2,20.8,68.0,11.2,10.9,77.4,11.6,10.1,76.9,13.0
Feb-16,1.5,14,66.4,11.6,3.4,3.1,1.4,21.9,39.9,22.4,9.3,5.2,13.3,33.5,29.7,19.5,0.9,3.1,14.4,67.2,18.4,10.2,67.4,22.4,9.7,68.2,22.1,10.3,84.4,5.3,22.9,67.5,9.6,9.1,78.4,12.5,10.1,77.3,12.5
Mar-16,1.2,13.8,65.8,12.2,3.6,3.4,1.6,20.8,39.4,23.5,9.8,5,13.5,31.5,31.7,18.9,0.7,3.6,16.3,68.2,15.6,10.8,67.5,21.7,10.2,68.1,21.7,11.2,83.1,5.7,24.1,66.5,9.3,7.4,81.6,11.0,10.7,77.8,11.5
Apr-16,1.4,14.3,65.5,12.7,3.5,2.6,1.6,21.8,40.2,21.7,9.2,5.5,12.6,31.7,32.1,19.5,0.9,3.2,18.1,67.7,14.3,11.0,68.2,20.7,10.4,69.2,20.5,9.9,85.3,4.8,22.8,67.7,9.5,7.5,83.1,9.4,10.9,77.7,11.4
May-16,1.5,13.7,66.4,11.9,3.7,2.9,2,22.5,43.2,19.3,7.8,5,10.5,28.6,33.7,22.5,1.1,3.6,21.9,64.9,13.2,11.2,68.5,20.3,10.2,68.8,20.9,10.3,84.5,5.2,22.2,66.8,11.0,7.6,84.5,7.9,12.8,76.5,10.7
Jun-16,1.7,14.4,65.6,11.6,3.7,3,1.6,23.4,41.4,19,8.7,5.9,10,28.2,33.3,23.3,1.3,3.9,20.5,64.7,14.9,11.7,68.5,19.8,10.3,68.5,21.2,10.9,83.7,5.4,21.4,66.6,12.0,7.5,84.9,7.7,12.2,77.7,10.1
Jul-16,1.5,14,65.8,12.1,3.4,3.2,1.3,21.3,42.1,21.6,8.5,5.1,9.4,30.5,33.3,22.1,1.4,3.4,21.7,65.4,12.9,12.8,67.8,19.4,11.1,67.9,21.0,11.0,83.7,5.3,18.3,67.1,14.6,7.5,84.2,8.3,12.7,75.6,11.6
Aug-16,1.4,14,66.1,11.9,3.6,2.9,1.5,20.3,42.3,22.3,8.2,5.4,10.5,33.1,31.4,20.4,1,3.6,16.8,65.6,17.5,10.6,68.4,21.0,9.8,69.1,21.1,10.7,84.3,5.0,21.3,65.6,13.0,6.6,85.2,8.2,11.9,76.3,11.7
Sep-16,1.6,13.3,66.3,12.7,3.4,2.7,1.2,20.2,43,21.3,9,5.3,11.3,32.4,32.5,19.2,1,3.7,17.5,66.1,16.4,11.8,68.5,19.8,10.6,68.0,21.4,10.1,84.9,5.0,24.4,63.8,11.8,6.8,84.8,8.4,11.8,76.6,11.6
Oct-16,1.6,13.6,66.5,12,3.3,3.1,1.1,20.2,41.7,22.4,8.9,5.7,11.7,34.5,31.1,18.3,0.9,3.6,18.5,67.0,14.5,11.1,68.3,20.7,10.1,68.7,21.2,10.6,84.3,5.1,21.5,65.5,13.0,9.1,83.4,7.5,12.5,75.8,11.7
Nov-16,1.5,13.6,66.7,12.1,3.2,2.9,1.2,21.3,43.2,19.6,8.7,6,9.7,31.3,33.6,20.7,0.9,3.7,17.8,67.2,15.1,10.6,69.0,20.4,8.9,70.5,20.7,10.3,84.7,5.0,17.2,68.8,14.0,11.5,80.1,8.4,11.3,76.4,12.3
Dec-16,1.5,14.7,65.9,11.6,3.1,3.2,1.1,21.9,43.9,19.8,7,6.2,8.6,29.1,35.7,22.1,1,3.5,22.5,65.6,11.9,12.3,69.3,18.4,11.1,69.5,19.4,10.1,84.4,5.5,18.6,67.7,13.7,15.4,75.7,8.9,11.9,76.0,12.1
Jan-17,1.4,15,66.3,10.8,3.2,3.4,1.5,23.8,42.7,18.3,7.2,6.4,8.1,27,35.4,24,1.2,4.1,18.1,67.7,14.2,11.0,71.7,17.3,9.8,72.7,17.5,8.7,86.2,5.1,25.9,66.1,8.1,18.0,75.7,6.3,14.8,75.4,9.8
Feb-17,1.3,13.8,66.7,11.4,3.3,3.5,1.1,20.5,42.8,20.4,8,7.2,8.3,28.3,35.8,22,1.3,4.5,21.7,64.8,13.5,14.3,69.3,16.5,13.2,69.3,17.5,9.0,85.9,5.0,29.6,63.6,6.8,17.0,76.5,6.4,15.9,75.8,8.3
Mar-17,1.4,13.1,67.5,11.3,3.2,3.5,1.4,21.4,43.3,19,7.1,7.8,7.1,26.7,36.5,23.9,1.4,4.5,22.2,66.1,11.7,14.6,68.8,16.6,13.3,69.4,17.4,9.1,85.5,5.4,28.9,64.2,6.9,16.6,77.5,5.9,15.3,76.5,8.2
Apr-17,1.6,13.9,66.7,11,3,3.6,1.5,23,43.9,16.9,6.6,8.2,6.5,23.7,36.5,27.1,1.4,4.8,29.8,61.1,9.1,17.3,67.7,15.0,14.4,69.6,16.0,9.2,84.9,5.9,27.4,65.6,7.1,14.1,81.0,4.9,17.6,74.0,8.4
May-17,1.4,15.5,63.4,11.8,3.4,4.6,1.6,25.8,41.4,15.9,6.7,8.7,6.4,23.4,36,27.3,1.7,5.3,24.9,63.7,11.4,16.7,67.9,15.4,14.5,68.7,16.7,9.2,84.4,6.4,27.2,65.1,7.7,13.6,81.6,4.8,16.8,74.9,8.3
Jun-17,1.5,15.8,64.6,11.9,3,3.3,2,29.3,42.6,14.6,5.1,6.4,5.7,22.1,37.4,28.9,1.8,4.1,25.5,64.4,10.1,18.4,68.2,13.4,15.9,69.6,14.5,8.4,84.9,6.7,24.1,66.9,9.0,11.4,82.6,5.9,15.9,76.6,7.5
Jul-17,1.7,15.5,64.9,12.1,3.1,2.8,1.9,29.2,43.4,14.7,5.6,5.1,6.2,23.4,36.7,27.9,2,3.7,24.8,64.5,10.7,19.8,66.3,13.9,16.1,68.7,15.2,9.2,82.8,8.0,23.0,66.0,11.1,11.2,83.3,5.5,17.7,74.0,8.4
Aug-17,1.6,14.3,67.3,11.1,2.8,2.9,1.9,27,43.7,16.1,6.2,5.2,6.2,24.1,37.1,27.1,1.6,3.9,22.8,65.2,12.0,17.9,67.8,14.3,15.2,68.9,16.0,8.6,84.4,7.0,25.5,65.1,9.4,11.2,83.5,5.2,17.0,74.4,8.7
Sep-17,1.5,14.4,66.1,12.4,3.1,2.5,1.9,27.2,43.8,16.1,5.5,5.4,6.1,25.8,38.1,24.8,1.5,3.7,22.0,65.6,12.3,18.4,68.3,13.2,16.2,69.2,14.6,8.9,83.9,7.2,28.7,64.0,7.4,13.0,82.1,4.9,16.5,73.7,9.8
Oct-17,1.7,14.6,64.6,13,3.4,2.8,1.9,27.5,42.7,16,6.2,5.7,6.2,25.4,37.7,25,1.8,3.9,23.6,65.8,10.6,19.5,67.2,13.3,16.0,68.3,15.8,9.3,83.1,7.6,24.4,66.6,9.1,11.7,83.1,5.2,16.8,74.2,9.0
Nov-17,1.5,14.8,65.1,12.3,2.9,3.4,1.6,28.9,42.1,16.1,5.8,5.5,6,24.6,37.4,26.3,1.7,4.1,26.5,63.6,9.9,19.5,68.1,12.4,16.2,69.1,14.7,9.1,83.3,7.6,21.3,67.8,10.9,17.5,76.0,6.5,16.7,73.4,9.9
Dec-17,1.5,15.5,64.7,12.7,2.8,2.9,1.9,28.3,44.1,14.8,5.1,5.7,5.6,23.6,38.5,26.6,1.8,3.9,27.4,64.1,8.5,19.8,68.2,12.0,16.9,68.6,14.5,9.0,82.9,8.1,23.1,65.8,11.1,20.7,72.6,6.7,18.5,72.2,9.3
Jan-18,1.6,15.7,64.7,12.4,3.1,2.6,2.4,32,42.1,13.7,4.9,4.8,5.3,21.2,37.4,30.2,2.3,3.6,23.9,64.4,11.7,20.2,68.0,11.8,16.9,69.2,13.9,8.2,84.1,7.8,29.8,63.9,6.3,22.5,71.7,5.8,19.6,72.5,7.9
Feb-18,1.5,14.6,65.5,12.6,3.2,2.6,2,29.3,43.9,14.9,5.4,4.5,5.7,22.3,38.6,28.4,1.8,3.3,25.0,64.5,10.5,20.3,67.8,12.0,16.6,69.3,14.1,7.8,84.5,7.7,30.2,64.0,5.8,19.1,75.6,5.3,19.1,73.8,7.1
Mar-18,1.2,14.1,67.6,11.3,3.1,2.6,1.9,27.1,45.3,15.5,5.2,5,4.7,20.9,39.6,29.7,1.6,3.5,24.1,64.9,11.0,19.9,67.2,12.9,16.9,68.6,14.6,8.8,84.3,6.9,29.2,64.4,6.4,17.7,77.2,5.1,19.1,73.9,7.1
Apr-18,1.3,14.7,67.5,11,2.8,2.6,1.8,26.1,46,16.1,5,5.1,4.5,20.2,39.4,30.6,1.7,3.5,24.2,65.9,9.9,20.4,67.6,12.1,17.0,69.4,13.7,8.2,84.6,7.2,29.9,64.2,6.0,15.4,79.8,4.8,20.0,72.5,7.4
May-18,1.3,14.9,67,11.3,2.7,2.7,1.7,25.4,45.2,17.6,5.1,5,4.3,20.7,39.3,30.2,2,3.5,23.7,66.0,10.3,21.3,66.4,12.3,17.4,69.1,13.5,9.5,83.6,6.8,25.9,66.8,7.4,14.6,80.8,4.6,20.1,72.6,7.3
Jun-18,1.7,15.5,65.8,10.8,3.1,3.1,1.9,26.1,43.8,16.8,5.5,5.9,4.6,20.4,39.5,29.8,1.9,3.9,22.2,67.2,10.7,21.4,66.0,12.6,17.8,68.0,14.2,9.5,82.8,7.7,24.6,66.6,8.7,13.9,81.8,4.3,18.6,74.1,7.3
Jul-18,1.7,14.7,66.9,10.7,3,3,1.6,24.5,44,18.8,5.7,5.3,4.8,21.6,38.6,29.1,2,4,24.4,65.4,10.1,19.9,67.4,12.8,16.4,68.6,14.9,10.8,82.0,7.2,21.9,66.6,11.5,12.9,82.9,4.2,16.9,75.3,7.8
Aug-18,1.7,14.3,67,10.9,3.1,3.1,1.5,22.8,44.8,19.8,5.5,5.6,5.9,25.6,37.4,24.9,1.9,4.2,19.6,67.2,13.2,17.7,68.6,13.7,14.2,70.5,15.3,11.1,81.6,7.3,25.0,65.1,9.9,13.9,81.4,4.8,15.5,76.0,8.4
Sep-18,1.2,13.6,66.8,12.8,2.9,2.6,1.3,22.4,43.3,21.8,6.3,4.9,5.5,25.7,40.3,22.8,1.7,3.9,18.7,67.0,14.3,18.7,67.8,13.6,16.3,69.1,14.6,11.9,81.1,7.0,26.9,63.3,9.8,14.0,81.5,4.5,15.2,76.1,8.7
Oct-18,1.4,14.1,65.9,13.3,2.8,2.5,1.3,20.9,42.8,23.5,6.8,4.7,5.2,26.1,40.5,23.1,1.4,3.7,20.1,66.3,13.6,16.1,67.4,16.4,13.0,70.0,17.0,12.3,81.3,6.4,23.0,65.8,11.2,13.3,81.6,5.1,15.2,75.3,9.5
Nov-18,1.3,13.7,66.6,13.2,2.8,2.3,1.2,20.1,41.6,24.1,8.4,4.6,5.8,27.2,38.6,23.6,1.4,3.4,22.7,64.7,12.7,16.1,68.7,15.2,13.1,69.1,17.7,11.9,82.1,6.0,20.2,67.0,12.8,18.1,76.4,5.6,14.0,76.4,9.6
Dec-18,1.3,13.3,65.8,13.5,3,3.1,1.1,18.1,41.5,24.5,9.7,5.2,6.5,27.1,40.1,20.7,1.2,4.3,21.5,64.0,14.5,14.8,68.5,16.7,11.7,70.5,17.8,12.2,80.6,7.2,19.7,65.4,14.9,22.8,69.4,7.8,13.6,76.6,9.9
Jan-19,1.6,14.3,66.6,11.8,2.8,2.9,1.1,19.6,41.9,25.4,6.9,5.1,6.1,25.3,40.3,22.4,1.2,4.7,14.7,65.5,19.9,13.1,70.4,16.5,10.8,71.1,18.1,11.5,83.2,5.3,23.9,65.6,10.5,22.2,70.6,7.1,15.1,75.1,9.8
Feb-19,1.6,14.8,66.5,11.4,2.8,2.8,1.1,18.7,42.2,25.5,7.4,5.1,5.7,25.8,39.9,22.6,1.4,4.6,20.8,63.4,15.8,14.6,67.6,17.8,12.5,68.5,19.0,12.9,81.1,6.0,26.6,63.1,10.3,17.3,76.5,6.2,15.0,75.8,9.2
Mar-19,1.8,14.4,67.4,11,2.8,2.7,1.5,19,43.6,23.7,6.8,5.5,5.9,25.3,40,22.7,1.4,4.7,19.6,65.2,15.2,14.6,66.4,19.1,12.0,66.9,21.2,12.8,81.9,5.3,25.2,64.2,10.6,13.6,80.6,5.8,13.5,76.3,10.2
Apr-19,1.4,14.5,67.5,10.9,2.8,2.9,1.1,18.6,42.9,22.9,8.3,6.3,6,26.3,38.2,23,1.6,4.8,21.7,63.4,14.9,14.8,65.9,19.3,13.4,67.2,19.5,15.0,79.3,5.7,22.3,64.6,13.1,12.4,80.6,7.0,14.3,75.5,10.2
May-19,3,18.1,60.4,12.6,3.2,2.8,2,19.4,39.7,25.5,8.6,4.7,6.2,24.4,41.1,23.5,1.1,3.7,17.3,65.7,17.0,14.0,66.3,19.7,10.5,67.9,21.6,13.6,80.7,5.7,23.0,65.0,12.0,11.6,82.2,6.2,14.2,74.9,10.9
Jun-19,3.1,17.8,60.5,13.1,3.2,2.3,1.9,19.2,40.5,25.1,8.4,4.8,6,27.1,40,22,1.1,3.7,19.7,65.5,14.7,13.6,64.5,21.9,11.8,64.1,24.1,14.8,79.9,5.3,18.7,66.2,15.1,8.8,83.9,7.3,12.1,75.4,12.5
Jul-19,2.8,17,62.2,12.5,3.1,2.3,1.7,18.1,42,26,7.5,4.6,6.7,28.1,40.1,20,1.3,4,16.2,62.7,21.0,12.0,63.5,24.5,10.0,65.1,24.9,15.7,77.9,6.4,17.2,63.3,19.5,7.3,84.5,8.2,12.1,73.0,15.0
Aug-19,3.3,17,61.5,12.4,3.1,2.7,1.5,15.7,39.7,28.6,9.8,4.8,7.8,30.7,38.4,18.2,0.9,4.1,18.0,61.6,20.3,11.9,64.4,23.7,10.3,66.8,22.9,14.4,79.5,6.1,19.4,64.6,16.0,7.8,84.7,7.5,11.8,73.7,14.5
Sep-19,3.1,17.1,61.4,13.2,2.9,2.3,1.6,16.7,38.9,29.3,9.2,4.3,7.2,32.2,38.1,18,0.8,3.7,15.0,61.5,23.6,9.9,63.5,26.6,7.9,65.8,26.4,15.7,79.1,5.1,21.5,61.1,17.4,8.5,82.6,9.0,10.8,73.1,16.2
Oct-19,2.6,16.3,60.8,14.4,3.2,2.6,1.4,14.6,38.1,31.6,10.2,4.2,8.2,33.3,37.7,16.1,0.9,3.8,18.9,61.0,20.2,8.7,64.4,26.9,8.3,63.9,27.8,15.2,80.4,4.4,17.8,61.3,20.9,9.2,80.9,9.9,9.8,73.4,16.8
Nov-19,2.9,16.6,60.8,13.5,3.3,3,1.5,14.7,39.8,29.1,10,4.8,8.7,32.1,37.1,16.7,0.9,4.3,17.8,62.8,19.4,9.7,63.3,27.0,8.2,64.2,27.6,15.0,80.5,4.6,15.5,62.5,22.0,11.9,78.2,9.9,9.4,72.3,18.2
Dec-19,3,15.8,60.8,14.3,3.6,2.5,1.2,14.2,38.4,31.2,10.8,4.2,8.9,33.1,38.5,15.1,0.7,3.8,16.8,61.5,21.7,9.3,62.8,27.9,8.2,64.0,27.8,15.3,80.2,4.5,15.8,63.8,20.4,16.3,73.3,10.4,9.4,72.7,17.9
Jan-20,2.4,17.7,60.8,13.5,3.3,2.4,1.3,16.3,38.6,29.2,10.7,3.9,7.5,31.1,39.2,17.6,0.9,3.8,14.1,60.3,25.6,8.8,65.2,26.0,8.6,65.6,25.8,12.6,81.9,5.5,23.4,63.5,13.1,18.2,72.9,8.9,11.2,73.5,15.3
Feb-20,2.6,16.9,61.7,12.8,3.4,2.5,1.6,16.5,40.2,28,9.4,4.2,8.1,30.2,37.8,18.8,0.9,4.2,19.2,62.3,18.6,10.7,65.5,23.9,8.0,67.5,24.6,11.9,83.0,5.1,24.6,63.7,11.7,15.1,76.8,8.0,10.1,74.7,15.2
Mar-20,2.8,15.1,59.5,15.4,4.2,3,1.3,10.6,27.4,36,20.4,4.4,12.6,35.6,32.8,13.8,0.8,4.4,17.4,63.7,18.9,9.6,64.9,25.5,7.1,65.9,27.0,12.1,81.3,6.6,19.2,56.3,24.6,11.2,78.6,10.2,9.5,72.8,17.7
Apr-20,1.9,9.9,50.6,24.1,9,4.4,1.3,8.8,8.6,28.1,49.8,3.4,50.5,31.6,8.3,5,2.1,2.5,13.1,42.9,44.0,10.1,38.7,51.2,7.2,42.2,50.6,21.7,67.2,11.0,9.3,29.6,61.1,6.2,78.7,15.1,3.4,65.3,31.3
May-20,2.1,12,55.8,20.1,6.5,3.4,1.8,15.9,12.8,27.6,38.3,3.5,49.9,31.4,8,6.7,1.8,2.2,8.6,30.1,61.4,7.7,33.2,59.0,6.5,36.7,56.7,24.6,65.5,9.9,21.6,39.5,38.9,5.6,79.2,15.3,5.7,66.4,27.9
Jun-20,2.1,14,60.7,15.4,4.6,3.2,2.7,22.6,18.7,27.2,25.2,3.5,41.2,34.1,11,9.9,1.7,2.1,15.2,36.0,48.8,7.2,36.3,56.5,5.8,38.1,56.2,24.6,67.0,8.4,28.1,46.8,25.1,6.5,80.8,12.7,7.0,68.2,24.9
Jul-20,2.1,14.1,61.2,15.1,4.5,3.1,2,21.4,20.7,28.5,24.1,3.3,39.9,35.3,12.3,8.8,1.2,2.4,20.3,41.7,38.0,7.5,42.4,50.1,6.2,43.4,50.5,21.1,69.8,9.0,27.2,52.8,20.0,6.7,83.7,9.6,7.7,70.0,22.4
Aug-20,2.1,12.9,63.3,14.4,4.3,3.1,1.8,19.6,22.6,28.4,24.2,3.4,38.5,36.3,13.9,7.8,1.2,2.3,23.5,45.9,30.5,9.2,46.9,43.9,6.9,47.7,45.3,17.2,73.2,9.6,26.7,57.2,16.1,5.6,85.0,9.4,8.0,71.8,20.2
Sep-20,2,13.2,63.3,14.2,4.4,2.9,1.6,21.2,25.4,27.9,20.7,3.3,33.8,38.2,15.4,9.3,0.9,2.5,20.6,49.6,29.8,8.9,50.0,41.1,6.9,50.7,42.4,15.9,74.5,9.7,28.0,57.2,14.8,6.5,84.4,9.1,8.3,72.1,19.6
Oct-20,2,12,64,14.5,4.9,2.7,1.6,16.3,23.6,29.7,25.3,3.5,37.5,38.2,14,6.9,1,2.4,30.1,50.4,19.5,10.6,52.7,36.7,8.6,53.9,37.5,14.8,75.7,9.5,22.5,60.9,16.5,7.5,84.4,8.1,8.7,72.3,19.0
Nov-20,1.6,11.8,61.9,16.2,5.3,3.2,1.6,15.6,19.3,29.1,31.1,3.4,44,34.8,10.9,6.5,1.2,2.6,27.4,54.4,18.2,13.0,51.6,35.4,9.7,54.5,35.8,14.3,74.9,10.7,16.2,60.8,22.9,10.4,81.1,8.5,8.3,72.4,19.3